{
	"format_version": "1.12.0",
	"minecraft:geometry": [
		{
			"description": {
				"identifier": "geometry.unknown",
				"texture_width": 128,
				"texture_height": 128,
				"visible_bounds_width": 7,
				"visible_bounds_height": 4.5,
				"visible_bounds_offset": [0, 1.75, 0]
			},
			"bones": [
				{
					"name": "main",
					"pivot": [0, 0, 0]
				},
				{
					"name": "main2",
					"parent": "main",
					"pivot": [0, 16, 0]
				},
				{
					"name": "body",
					"parent": "main2",
					"pivot": [0.25, 15.77443, 3.52532],
					"cubes": [
						{
							"origin": [-5.25, 22.43465, -0.26473],
							"size": [10.5, 6.5, 4.5],
							"uv": {
								"north": {"uv": [40, 60], "uv_size": [14, 8]},
								"east": {"uv": [68, 59], "uv_size": [7, 8]},
								"south": {"uv": [60, 44], "uv_size": [14, 8]},
								"west": {"uv": [24, 72], "uv_size": [7, 8]},
								"up": {"uv": [60, 52], "uv_size": [14, 7]},
								"down": {"uv": [54, 67], "uv_size": [14, -7]}
							}
						},
						{
							"origin": [-3.6, 28.27152, -0.59712],
							"size": [1, 1, 5],
							"uv": {
								"north": {"uv": [68.5, 112], "uv_size": [1, 1]},
								"east": {"uv": [62.5, 121], "uv_size": [6, 1]},
								"south": {"uv": [69.5, 112], "uv_size": [1, 1]},
								"west": {"uv": [93.5, 119], "uv_size": [6, 1]},
								"up": {"uv": [68.5, 121], "uv_size": [1, 6]},
								"down": {"uv": [69.5, 127], "uv_size": [1, -6]}
							}
						},
						{
							"origin": [-5.35, 26.77152, -0.59712],
							"size": [1.75, 2.5, 5],
							"uv": {
								"north": {"uv": [77.5, 121], "uv_size": [1.5, 2.5]},
								"east": {"uv": [74.5, 110], "uv_size": [6, 2.5]},
								"south": {"uv": [79.5, 121], "uv_size": [1.5, 2.5]},
								"west": {"uv": [60.5, 118], "uv_size": [6, 2.5]},
								"up": {"uv": [60.5, 121], "uv_size": [1.5, 6]},
								"down": {"uv": [88.5, 126.5], "uv_size": [1.5, -6]}
							}
						},
						{
							"origin": [0.625, 24.38171, 4.2],
							"size": [0, 6, 3],
							"uv": {
								"north": {"uv": [0, 0], "uv_size": [0, 8]},
								"east": {"uv": [0, 25], "uv_size": [5, 8]},
								"south": {"uv": [0, 0], "uv_size": [0, 8]},
								"west": {"uv": [32, 0], "uv_size": [5, 8]},
								"up": {"uv": [0, 0], "uv_size": [0, 5]},
								"down": {"uv": [0, 5], "uv_size": [0, -5]}
							}
						},
						{
							"origin": [0.625, 19.88171, 4],
							"size": [0, 6, 3],
							"uv": {
								"north": {"uv": [0, 0], "uv_size": [0, 8]},
								"east": {"uv": [0, 25], "uv_size": [5, 8]},
								"south": {"uv": [0, 0], "uv_size": [0, 8]},
								"west": {"uv": [32, 0], "uv_size": [5, 8]},
								"up": {"uv": [0, 0], "uv_size": [0, 5]},
								"down": {"uv": [0, 5], "uv_size": [0, -5]}
							}
						},
						{
							"origin": [-2.25, 26.63476, 0.90178],
							"size": [4.5, 7, 3],
							"uv": {
								"north": {"uv": [43, 77], "uv_size": [5, 7]},
								"east": {"uv": [84, 34], "uv_size": [4, 7]},
								"south": {"uv": [80, 6], "uv_size": [5, 7]},
								"west": {"uv": [84, 41], "uv_size": [4, 7]},
								"up": {"uv": [54, 88], "uv_size": [5, 4]},
								"down": {"uv": [88, 62], "uv_size": [5, -4]}
							}
						},
						{
							"origin": [-3.75, 18.53933, 0.16454],
							"size": [7.5, 6, 3.75],
							"uv": {
								"north": {"uv": [54, 67], "uv_size": [10, 8]},
								"east": {"uv": [75, 75], "uv_size": [5, 8]},
								"south": {"uv": [64, 67], "uv_size": [10, 8]},
								"west": {"uv": [48, 76], "uv_size": [5, 8]},
								"up": {"uv": [74, 44], "uv_size": [10, 5]},
								"down": {"uv": [74, 54], "uv_size": [10, -5]}
							}
						},
						{
							"origin": [-4.25, 15.78933, -0.08546],
							"size": [8.5, 3, 3.75],
							"uv": {
								"north": {"uv": [85, 6], "uv_size": [8, 3]},
								"east": {"uv": [98, 98], "uv_size": [3, 3]},
								"south": {"uv": [85, 9], "uv_size": [8, 3]},
								"west": {"uv": [4, 99], "uv_size": [3, 3]},
								"up": {"uv": [85, 12], "uv_size": [8, 3]},
								"down": {"uv": [85, 18], "uv_size": [8, -3]}
							}
						}
					]
				},
				{
					"name": "rightwing",
					"parent": "body",
					"pivot": [3.00962, 27.71158, 6.27744],
					"cubes": [
						{
							"origin": [2, 26.28983, 4.79704],
							"size": [5, 3, 3],
							"uv": {
								"north": {"uv": [96, 50], "uv_size": [-5, 3]},
								"east": {"uv": [71, 98], "uv_size": [3, 3]},
								"south": {"uv": [96, 50], "uv_size": [-5, -3]},
								"west": {"uv": [81, 98], "uv_size": [3, 3]},
								"up": {"uv": [48, 94], "uv_size": [-5, -3]},
								"down": {"uv": [96, 47], "uv_size": [-5, -3]}
							}
						},
						{
							"origin": [7, 26.78983, 5.29704],
							"size": [11, 2, 2],
							"uv": {
								"north": {"uv": [99, 42], "uv_size": [-11, 2]},
								"east": {"uv": [54, 101], "uv_size": [2, 2]},
								"south": {"uv": [99, 42], "uv_size": [-11, -2]},
								"west": {"uv": [56, 101], "uv_size": [2, 2]},
								"up": {"uv": [99, 38], "uv_size": [-11, -2]},
								"down": {"uv": [99, 40], "uv_size": [-11, -2]}
							}
						},
						{
							"origin": [16.2981, 29.39858, 5.54704],
							"size": [8, 1.5, 1.5],
							"pivot": [20.2981, 30.14858, 6.29704],
							"rotation": [0, 0, -45],
							"uv": {
								"north": {"uv": [102, 2], "uv_size": [-8, 1.5]},
								"east": {"uv": [30, 104], "uv_size": [1.5, 1.5]},
								"south": {"uv": [102, 1.5], "uv_size": [-8, -1.5]},
								"west": {"uv": [35, 104], "uv_size": [1.5, 1.5]},
								"up": {"uv": [101, 85.5], "uv_size": [-8, -1.5]},
								"down": {"uv": [101, 87.5], "uv_size": [-8, -1.5]}
							}
						},
						{
							"origin": [3, 14.78983, 6.19804],
							"size": [20, 20, 0.1],
							"uv": {
								"north": {"uv": [80, 12], "uv_size": [-20, 20]},
								"east": {"uv": [95, 69], "uv_size": [20, 0.5]},
								"south": {"uv": [80, 32], "uv_size": [-20, -20]},
								"west": {"uv": [96, 30], "uv_size": [20, 0.5]},
								"up": {"uv": [113, 88.5], "uv_size": [-20, -0.5]},
								"down": {"uv": [115, 70.5], "uv_size": [-20, -0.5]}
							}
						},
						{
							"origin": [3, 8.78983, 6.19804],
							"size": [20, 6, 0.1],
							"uv": {
								"north": {"uv": [80, 38], "uv_size": [-20, 6]},
								"east": {"uv": [101, 54], "uv_size": [6, 0.5]},
								"south": {"uv": [80, 44], "uv_size": [-20, -6]},
								"west": {"uv": [101, 87], "uv_size": [6, 0.5]},
								"up": {"uv": [116, 31.5], "uv_size": [-20, -0.5]},
								"down": {"uv": [116, 32.5], "uv_size": [-20, -0.5]}
							}
						}
					]
				},
				{
					"name": "lowerrightwing",
					"parent": "rightwing",
					"pivot": [22.98392, 25.79803, 6.16387],
					"cubes": [
						{
							"origin": [23, 8.78983, 6.19804],
							"size": [20, 36, 0.1],
							"uv": {
								"north": {"uv": [58.5, 22.5], "uv_size": [-20, 36]},
								"east": {"uv": [89, 22], "uv_size": [36, 0.5]},
								"south": {"uv": [58.5, 58.5], "uv_size": [-20, -36]},
								"west": {"uv": [89, 23], "uv_size": [36, 0.5]},
								"up": {"uv": [116, 33.5], "uv_size": [-20, -0.5]},
								"down": {"uv": [116, 44.5], "uv_size": [-20, -0.5]}
							}
						},
						{
							"origin": [22.15685, 32.44668, 5.54704],
							"size": [1.5, 8, 1.5],
							"uv": {
								"north": {"uv": [19.5, 93], "uv_size": [-1.5, 8]},
								"east": {"uv": [94, 18], "uv_size": [8, 1.5]},
								"south": {"uv": [86.5, 99], "uv_size": [-1.5, -8]},
								"west": {"uv": [94, 20], "uv_size": [8, 1.5]},
								"up": {"uv": [38.5, 105.5], "uv_size": [-1.5, -1.5]},
								"down": {"uv": [40.5, 105.5], "uv_size": [-1.5, -1.5]}
							}
						},
						{
							"origin": [20.65685, 34.44668, 5.54704],
							"size": [9, 1.5, 1.5],
							"pivot": [32.97086, 31.74148, 6.17204],
							"rotation": [0, 0, 22.5],
							"uv": {
								"north": {"uv": [18, 93], "uv_size": [-9, 1.5]},
								"east": {"uv": [104, 39], "uv_size": [1.5, 1.5]},
								"south": {"uv": [102, 9.5], "uv_size": [-9, -1.5]},
								"west": {"uv": [41, 104], "uv_size": [1.5, 1.5]},
								"up": {"uv": [9, 94.5], "uv_size": [-9, -1.5]},
								"down": {"uv": [102, 7.5], "uv_size": [-9, -1.5]}
							}
						},
						{
							"origin": [38.00416, 22.3872, 5.54704],
							"size": [1, 8, 1],
							"pivot": [38.25416, 26.3872, 6.29704],
							"rotation": [0, 0, -22.5],
							"uv": {
								"north": {"uv": [75, 98], "uv_size": [-1, 8]},
								"east": {"uv": [99, 4], "uv_size": [8, 1]},
								"south": {"uv": [46, 105], "uv_size": [-1, -8]},
								"west": {"uv": [99, 5], "uv_size": [8, 1]},
								"up": {"uv": [75, 59], "uv_size": [-1, -1]},
								"down": {"uv": [40, 77], "uv_size": [-1, -1]}
							}
						},
						{
							"origin": [28.08425, 32.91493, 5.54704],
							"size": [9, 1, 1],
							"pivot": [32.97086, 31.74148, 6.17204],
							"rotation": [0, 0, 45],
							"uv": {
								"north": {"uv": [107, 90], "uv_size": [-9, 1]},
								"east": {"uv": [53, 82], "uv_size": [1, 1]},
								"south": {"uv": [107, 90], "uv_size": [-9, -1]},
								"west": {"uv": [79, 83], "uv_size": [1, 1]},
								"up": {"uv": [107, 69], "uv_size": [-9, -1]},
								"down": {"uv": [98, 99], "uv_size": [-9, -1]}
							}
						},
						{
							"origin": [16.65685, 37.44668, 6.04704],
							"size": [8, 9, 0],
							"uv": {
								"north": {"uv": [24, 72], "uv_size": [-8, 9]},
								"east": {"uv": [0, 0], "uv_size": [9, 0]},
								"south": {"uv": [16, 81], "uv_size": [-8, -9]},
								"west": {"uv": [0, 0], "uv_size": [9, 0]},
								"up": {"uv": [8, 0], "uv_size": [-8, 0]},
								"down": {"uv": [8, 0], "uv_size": [-8, 0]}
							}
						}
					]
				},
				{
					"name": "leftwing",
					"parent": "body",
					"pivot": [-3.00962, 27.71158, 6.27744],
					"cubes": [
						{
							"origin": [-7, 26.28983, 4.79704],
							"size": [5, 3, 3],
							"uv": {
								"north": {"uv": [91, 50], "uv_size": [5, 3]},
								"east": {"uv": [81, 101], "uv_size": [3, -3]},
								"south": {"uv": [91, 50], "uv_size": [5, -3]},
								"west": {"uv": [71, 101], "uv_size": [3, -3]},
								"up": {"uv": [43, 94], "uv_size": [5, -3]},
								"down": {"uv": [91, 47], "uv_size": [5, -3]}
							}
						},
						{
							"origin": [-18, 26.78983, 5.29704],
							"size": [11, 2, 2],
							"uv": {
								"north": {"uv": [88, 42], "uv_size": [11, 2]},
								"east": {"uv": [56, 103], "uv_size": [2, -2]},
								"south": {"uv": [88, 42], "uv_size": [11, -2]},
								"west": {"uv": [54, 103], "uv_size": [2, -2]},
								"up": {"uv": [88, 38], "uv_size": [11, -2]},
								"down": {"uv": [88, 40], "uv_size": [11, -2]}
							}
						},
						{
							"origin": [-24.2981, 29.39858, 5.54704],
							"size": [8, 1.5, 1.5],
							"pivot": [-20.2981, 30.14858, 6.29704],
							"rotation": [0, 0, 45],
							"uv": {
								"north": {"uv": [94, 2], "uv_size": [8, 1.5]},
								"east": {"uv": [35, 105.5], "uv_size": [1.5, -1.5]},
								"south": {"uv": [94, 1.5], "uv_size": [8, -1.5]},
								"west": {"uv": [30, 105.5], "uv_size": [1.5, -1.5]},
								"up": {"uv": [93, 85.5], "uv_size": [8, -1.5]},
								"down": {"uv": [93, 87.5], "uv_size": [8, -1.5]}
							}
						},
						{
							"origin": [-23, 14.78983, 6.19804],
							"size": [20, 20, 0.1],
							"uv": {
								"north": {"uv": [60, 12], "uv_size": [20, 20]},
								"east": {"uv": [96, 30.5], "uv_size": [20, -0.5]},
								"south": {"uv": [60, 32], "uv_size": [20, -20]},
								"west": {"uv": [95, 69.5], "uv_size": [20, -0.5]},
								"up": {"uv": [93, 88.5], "uv_size": [20, -0.5]},
								"down": {"uv": [95, 70.5], "uv_size": [20, -0.5]}
							}
						},
						{
							"origin": [-23, 8.78983, 6.19804],
							"size": [20, 6, 0.1],
							"uv": {
								"north": {"uv": [60, 38], "uv_size": [20, 6]},
								"east": {"uv": [101, 87.5], "uv_size": [6, -0.5]},
								"south": {"uv": [60, 44], "uv_size": [20, -6]},
								"west": {"uv": [101, 54.5], "uv_size": [6, -0.5]},
								"up": {"uv": [96, 31.5], "uv_size": [20, -0.5]},
								"down": {"uv": [96, 32.5], "uv_size": [20, -0.5]}
							}
						}
					]
				},
				{
					"name": "lowerleftwing",
					"parent": "leftwing",
					"pivot": [-23.03392, 24.79803, 6.16387],
					"cubes": [
						{
							"origin": [-43, 8.78983, 6.19804],
							"size": [20, 36, 0.1],
							"uv": {
								"north": {"uv": [38.5, 22.5], "uv_size": [20, 36]},
								"east": {"uv": [89, 23.5], "uv_size": [36, -0.5]},
								"south": {"uv": [38.5, 58.5], "uv_size": [20, -36]},
								"west": {"uv": [89, 22.5], "uv_size": [36, -0.5]},
								"up": {"uv": [96, 33.5], "uv_size": [20, -0.5]},
								"down": {"uv": [96, 44.5], "uv_size": [20, -0.5]}
							}
						},
						{
							"origin": [-23.65685, 32.44668, 5.54704],
							"size": [1.5, 8, 1.5],
							"uv": {
								"north": {"uv": [18, 93], "uv_size": [1.5, 8]},
								"east": {"uv": [94, 21.5], "uv_size": [8, -1.5]},
								"south": {"uv": [85, 99], "uv_size": [1.5, -8]},
								"west": {"uv": [94, 19.5], "uv_size": [8, -1.5]},
								"up": {"uv": [37, 105.5], "uv_size": [1.5, -1.5]},
								"down": {"uv": [39, 105.5], "uv_size": [1.5, -1.5]}
							}
						},
						{
							"origin": [-29.65685, 34.44668, 5.54704],
							"size": [9, 1.5, 1.5],
							"pivot": [-32.97086, 31.74148, 6.17204],
							"rotation": [0, 0, -22.5],
							"uv": {
								"north": {"uv": [9, 93], "uv_size": [9, 1.5]},
								"east": {"uv": [41, 105.5], "uv_size": [1.5, -1.5]},
								"south": {"uv": [93, 9.5], "uv_size": [9, -1.5]},
								"west": {"uv": [104, 40.5], "uv_size": [1.5, -1.5]},
								"up": {"uv": [0, 94.5], "uv_size": [9, -1.5]},
								"down": {"uv": [93, 7.5], "uv_size": [9, -1.5]}
							}
						},
						{
							"origin": [-39.00416, 22.3872, 5.54704],
							"size": [1, 8, 1],
							"pivot": [-38.25416, 26.3872, 6.29704],
							"rotation": [0, 0, 22.5],
							"uv": {
								"north": {"uv": [74, 98], "uv_size": [1, 8]},
								"east": {"uv": [99, 6], "uv_size": [8, -1]},
								"south": {"uv": [45, 105], "uv_size": [1, -8]},
								"west": {"uv": [99, 5], "uv_size": [8, -1]},
								"up": {"uv": [74, 59], "uv_size": [1, -1]},
								"down": {"uv": [39, 77], "uv_size": [1, -1]}
							}
						},
						{
							"origin": [-37.08425, 32.91493, 5.54704],
							"size": [9, 1, 1],
							"pivot": [-32.97086, 31.74148, 6.17204],
							"rotation": [0, 0, -45],
							"uv": {
								"north": {"uv": [98, 90], "uv_size": [9, 1]},
								"east": {"uv": [79, 84], "uv_size": [1, -1]},
								"south": {"uv": [98, 90], "uv_size": [9, -1]},
								"west": {"uv": [53, 83], "uv_size": [1, -1]},
								"up": {"uv": [98, 69], "uv_size": [9, -1]},
								"down": {"uv": [89, 99], "uv_size": [9, -1]}
							}
						},
						{
							"origin": [-24.65685, 37.44668, 6.04704],
							"size": [8, 9, 0],
							"uv": {
								"north": {"uv": [16, 72], "uv_size": [8, 9]},
								"east": {"uv": [0, 0], "uv_size": [9, 0]},
								"south": {"uv": [8, 81], "uv_size": [8, -9]},
								"west": {"uv": [0, 0], "uv_size": [9, 0]},
								"up": {"uv": [0, 0], "uv_size": [8, 0]},
								"down": {"uv": [0, 0], "uv_size": [8, 0]}
							}
						}
					]
				},
				{
					"name": "h_head",
					"parent": "body",
					"pivot": [0.3125, 29.90818, 2.46764],
					"cubes": [
						{
							"origin": [-3, 29.93465, -0.76473],
							"size": [6, 6, 6],
							"uv": {
								"north": {"uv": [37.5, 110], "uv_size": [6, 6]},
								"east": {"uv": [37.5, 116], "uv_size": [6, 6]},
								"south": {"uv": [43.5, 110], "uv_size": [6, 6]},
								"west": {"uv": [43.5, 116], "uv_size": [6, 6]},
								"up": {"uv": [37.5, 122], "uv_size": [6, 6]},
								"down": {"uv": [49.5, 116], "uv_size": [6, -6]}
							}
						},
						{
							"origin": [0.625, 29.88171, 5.2],
							"size": [0, 6, 3],
							"uv": {
								"north": {"uv": [0, 0], "uv_size": [0, 8]},
								"east": {"uv": [0, 25], "uv_size": [5, 8]},
								"south": {"uv": [0, 0], "uv_size": [0, 8]},
								"west": {"uv": [32, 0], "uv_size": [5, 8]},
								"up": {"uv": [0, 0], "uv_size": [0, 5]},
								"down": {"uv": [0, 5], "uv_size": [0, -5]}
							}
						},
						{
							"origin": [2.68571, 31.48223, 4.50137],
							"size": [6, 2, 0],
							"uv": {
								"north": {"uv": [87, 94], "uv_size": [6, 2]},
								"east": {"uv": [0, 0], "uv_size": [0, 2]},
								"south": {"uv": [93, 94], "uv_size": [6, 2]},
								"west": {"uv": [0, 0], "uv_size": [0, 2]},
								"up": {"uv": [0, 0], "uv_size": [6, 0]},
								"down": {"uv": [0, 0], "uv_size": [6, 0]}
							}
						},
						{
							"origin": [2.68571, 29.48223, 3.50137],
							"size": [6, 2, 0],
							"uv": {
								"north": {"uv": [94, 80], "uv_size": [6, 2]},
								"east": {"uv": [0, 0], "uv_size": [0, 2]},
								"south": {"uv": [94, 82], "uv_size": [6, 2]},
								"west": {"uv": [0, 0], "uv_size": [0, 2]},
								"up": {"uv": [0, 0], "uv_size": [6, 0]},
								"down": {"uv": [0, 0], "uv_size": [6, 0]}
							}
						},
						{
							"origin": [-8.68571, 29.48223, 3.50137],
							"size": [6, 2, 0],
							"uv": {
								"north": {"uv": [29, 94], "uv_size": [6, 2]},
								"east": {"uv": [0, 0], "uv_size": [0, 2]},
								"south": {"uv": [75, 94], "uv_size": [6, 2]},
								"west": {"uv": [0, 0], "uv_size": [0, 2]},
								"up": {"uv": [0, 0], "uv_size": [6, 0]},
								"down": {"uv": [0, 0], "uv_size": [6, 0]}
							}
						},
						{
							"origin": [-8.68571, 31.48223, 4.50137],
							"size": [6, 2, 0],
							"uv": {
								"north": {"uv": [94, 24], "uv_size": [6, 2]},
								"east": {"uv": [0, 0], "uv_size": [0, 2]},
								"south": {"uv": [94, 26], "uv_size": [6, 2]},
								"west": {"uv": [0, 0], "uv_size": [0, 2]},
								"up": {"uv": [0, 0], "uv_size": [6, 0]},
								"down": {"uv": [0, 0], "uv_size": [6, 0]}
							}
						},
						{
							"origin": [-0.5, 23.49488, -1.94835],
							"size": [0.75, 2, 1],
							"pivot": [0.25, 35.90763, 21.88641],
							"rotation": [-22.5, 0, 0],
							"uv": {
								"north": {"uv": [79, 101], "uv_size": [1.5, 2.5]},
								"east": {"uv": [81, 101], "uv_size": [1.5, 2.5]},
								"south": {"uv": [101, 84], "uv_size": [1.5, 2.5]},
								"west": {"uv": [87, 101], "uv_size": [1.5, 2.5]},
								"up": {"uv": [104, 41], "uv_size": [1.5, 1.5]},
								"down": {"uv": [46, 105.5], "uv_size": [1.5, -1.5]}
							}
						},
						{
							"origin": [-0.75, 31.65763, -4.86359],
							"size": [1.25, 2.25, 1.5],
							"uv": {
								"north": {"uv": [37, 101], "uv_size": [2, 2.5]},
								"east": {"uv": [101, 45], "uv_size": [2, 2.5]},
								"south": {"uv": [101, 48], "uv_size": [2, 2.5]},
								"west": {"uv": [101, 51], "uv_size": [2, 2.5]},
								"up": {"uv": [101, 75], "uv_size": [2, 2]},
								"down": {"uv": [77, 103], "uv_size": [2, -2]}
							}
						},
						{
							"origin": [-2.25, 30.96268, -4.53249],
							"size": [4.5, 2.25, 2],
							"uv": {
								"north": {"uv": [74, 89], "uv_size": [5, 3.5]},
								"east": {"uv": [95, 65], "uv_size": [3, 3.5]},
								"south": {"uv": [89, 80], "uv_size": [5, 3.5]},
								"west": {"uv": [68, 95], "uv_size": [3, 3.5]},
								"up": {"uv": [91, 53], "uv_size": [5, 3]},
								"down": {"uv": [91, 74], "uv_size": [5, -3]}
							}
						},
						{
							"origin": [-1, 31.96268, -2.53249],
							"size": [2, 1, 4],
							"uv": {
								"north": {"uv": [0, 104], "uv_size": [2, 1.5]},
								"east": {"uv": [99, 94], "uv_size": [4, 1.5]},
								"south": {"uv": [2, 104], "uv_size": [2, 1.5]},
								"west": {"uv": [99, 96], "uv_size": [4, 1.5]},
								"up": {"uv": [51, 84], "uv_size": [2, 4]},
								"down": {"uv": [7, 103], "uv_size": [2, -4]}
							}
						},
						{
							"origin": [-2.25, 30.96268, -2.53249],
							"size": [4.5, 1.25, 4],
							"uv": {
								"north": {"uv": [24, 92], "uv_size": [5, 2.5]},
								"east": {"uv": [71, 95], "uv_size": [4, 2.5]},
								"south": {"uv": [54, 92], "uv_size": [5, 2.5]},
								"west": {"uv": [27, 96], "uv_size": [4, 2.5]},
								"up": {"uv": [88, 85], "uv_size": [5, 4]},
								"down": {"uv": [89, 22], "uv_size": [5, -4]}
							}
						}
					]
				},
				{
					"name": "jaw",
					"parent": "h_head",
					"pivot": [0, 30.58768, -0.65749],
					"cubes": [
						{
							"origin": [-1.75, 29.96268, -4.03249],
							"size": [3.5, 1.25, 1.5],
							"uv": {
								"north": {"uv": [101, 35], "uv_size": [5, 1]},
								"east": {"uv": [37, 76], "uv_size": [2, 1]},
								"south": {"uv": [101, 36], "uv_size": [5, 1]},
								"west": {"uv": [89, 84], "uv_size": [2, 1]},
								"up": {"uv": [4, 97], "uv_size": [5, 2]},
								"down": {"uv": [9, 99], "uv_size": [5, -2]}
							}
						},
						{
							"origin": [-1.75, 29.96268, -2.53249],
							"size": [3.5, 1.25, 5],
							"uv": {
								"north": {"uv": [87, 93], "uv_size": [5, 1]},
								"east": {"uv": [100, 64], "uv_size": [5, 1]},
								"south": {"uv": [30, 101], "uv_size": [5, 1]},
								"west": {"uv": [101, 34], "uv_size": [5, 1]},
								"up": {"uv": [75, 62], "uv_size": [5, 5]},
								"down": {"uv": [81, 68], "uv_size": [5, -5]}
							}
						}
					]
				},
				{
					"name": "horn",
					"parent": "h_head",
					"pivot": [4.42843, 38.63405, 58.25828],
					"rotation": [22.5, 0, 0],
					"cubes": [
						{
							"origin": [34.49178, 55.56328, 17.17644],
							"size": [2, 2, 6],
							"pivot": [2.55711, 38.35299, 52.11111],
							"rotation": [0, 45, 0],
							"uv": {
								"north": {"uv": [58, 101], "uv_size": [2, 2]},
								"east": {"uv": [0, 95], "uv_size": [6, 2]},
								"south": {"uv": [101, 58], "uv_size": [2, 2]},
								"west": {"uv": [6, 95], "uv_size": [6, 2]},
								"up": {"uv": [20, 93], "uv_size": [2, 6]},
								"down": {"uv": [22, 99], "uv_size": [2, -6]}
							}
						},
						{
							"origin": [4.09264, 55.56328, 7.65577],
							"size": [2, 2, 5],
							"inflate": -0.01,
							"uv": {
								"north": {"uv": [60, 101], "uv_size": [2, 2]},
								"east": {"uv": [96, 45], "uv_size": [5, 2]},
								"south": {"uv": [101, 60], "uv_size": [2, 2]},
								"west": {"uv": [96, 47], "uv_size": [5, 2]},
								"up": {"uv": [31, 96], "uv_size": [2, 5]},
								"down": {"uv": [33, 101], "uv_size": [2, -5]}
							}
						},
						{
							"origin": [37.33061, 55.56328, 27.68684],
							"size": [2, 2, 5],
							"pivot": [2.56751, 38.35299, 60.29309],
							"rotation": [0, 45, 0],
							"uv": {
								"north": {"uv": [62, 101], "uv_size": [2, 2]},
								"east": {"uv": [96, 49], "uv_size": [5, 2]},
								"south": {"uv": [64, 101], "uv_size": [2, 2]},
								"west": {"uv": [96, 51], "uv_size": [5, 2]},
								"up": {"uv": [75, 96], "uv_size": [2, 5]},
								"down": {"uv": [77, 101], "uv_size": [2, -5]}
							}
						},
						{
							"origin": [-36.49178, 55.56328, 17.17644],
							"size": [2, 2, 6],
							"pivot": [-2.55711, 38.35299, 52.11111],
							"rotation": [0, -45, 0],
							"uv": {
								"north": {"uv": [66, 101], "uv_size": [2, 2]},
								"east": {"uv": [12, 95], "uv_size": [6, 2]},
								"south": {"uv": [70, 101], "uv_size": [2, 2]},
								"west": {"uv": [40, 95], "uv_size": [6, 2]},
								"up": {"uv": [35, 93], "uv_size": [2, 6]},
								"down": {"uv": [46, 100], "uv_size": [2, -6]}
							}
						},
						{
							"origin": [-6.09264, 55.56328, 7.65577],
							"size": [2, 2, 5],
							"inflate": -0.01,
							"uv": {
								"north": {"uv": [101, 71], "uv_size": [2, 2]},
								"east": {"uv": [96, 53], "uv_size": [5, 2]},
								"south": {"uv": [72, 101], "uv_size": [2, 2]},
								"west": {"uv": [96, 71], "uv_size": [5, 2]},
								"up": {"uv": [79, 96], "uv_size": [2, 5]},
								"down": {"uv": [87, 101], "uv_size": [2, -5]}
							}
						},
						{
							"origin": [-39.33061, 55.56328, 27.68684],
							"size": [2, 2, 5],
							"pivot": [-2.56751, 38.35299, 60.29309],
							"rotation": [0, -45, 0],
							"uv": {
								"north": {"uv": [101, 73], "uv_size": [2, 2]},
								"east": {"uv": [89, 96], "uv_size": [5, 2]},
								"south": {"uv": [75, 101], "uv_size": [2, 2]},
								"west": {"uv": [94, 96], "uv_size": [5, 2]},
								"up": {"uv": [0, 97], "uv_size": [2, 5]},
								"down": {"uv": [2, 102], "uv_size": [2, -5]}
							}
						}
					]
				},
				{
					"name": "rightarm",
					"parent": "body",
					"pivot": [6.875, 25.07152, 2.40288],
					"cubes": [
						{
							"origin": [5.25, 22.32152, 0.65288],
							"size": [3.25, 5.5, 3.5],
							"uv": {
								"north": {"uv": [75, 54], "uv_size": [5, 8]},
								"east": {"uv": [48, 68], "uv_size": [6, 8]},
								"south": {"uv": [60, 75], "uv_size": [5, 8]},
								"west": {"uv": [31, 72], "uv_size": [6, 8]},
								"up": {"uv": [59, 83], "uv_size": [5, 6]},
								"down": {"uv": [64, 89], "uv_size": [5, -6]}
							}
						}
					]
				},
				{
					"name": "fore_right_arm",
					"parent": "rightarm",
					"pivot": [6.625, 22.23181, 2.34801],
					"cubes": [
						{
							"origin": [5.25, 16.48181, 1.09801],
							"size": [2.75, 6, 2.5],
							"uv": {
								"north": {"uv": [29, 80], "uv_size": [4, 8]},
								"east": {"uv": [33, 80], "uv_size": [4, 8]},
								"south": {"uv": [80, 34], "uv_size": [4, 8]},
								"west": {"uv": [80, 54], "uv_size": [4, 8]},
								"up": {"uv": [0, 89], "uv_size": [4, 4]},
								"down": {"uv": [88, 93], "uv_size": [4, -4]}
							}
						}
					]
				},
				{
					"name": "righthand",
					"parent": "fore_right_arm",
					"pivot": [6.89168, 16.56703, 2.29318],
					"rotation": [90, 0, 0],
					"cubes": [
						{
							"origin": [6.16946, 14.80701, -0.19001],
							"size": [1.5, 3.5, 2.5],
							"uv": {
								"north": {"uv": [53, 95], "uv_size": [4.5, 2.5]},
								"east": {"uv": [63.5, 89], "uv_size": [-4.5, 4]},
								"south": {"uv": [58, 95], "uv_size": [4.5, 2.5]},
								"west": {"uv": [93.5, 28], "uv_size": [-4.5, -4]},
								"up": {"uv": [18, 99.5], "uv_size": [-4, -2.5]},
								"down": {"uv": [44, 99.5], "uv_size": [-4, -2.5]}
							}
						},
						{
							"origin": [6.41945, 15.09278, -20.54752],
							"size": [1, 1, 3],
							"pivot": [9.66945, -32.77298, -2.2838],
							"rotation": [-22.5, 0, 0],
							"uv": {
								"north": {"uv": [48, 104], "uv_size": [1.5, 1.5]},
								"east": {"uv": [86.5, 99], "uv_size": [-1.5, 3.5]},
								"south": {"uv": [50, 104], "uv_size": [1.5, 1.5]},
								"west": {"uv": [69.5, 102.5], "uv_size": [-1.5, -3.5]},
								"up": {"uv": [103.5, 11.5], "uv_size": [-3.5, -1.5]},
								"down": {"uv": [103.5, 13.5], "uv_size": [-3.5, -1.5]}
							}
						},
						{
							"origin": [6.41946, 17.16805, -2.26874],
							"size": [1, 1, 2.5],
							"uv": {
								"north": {"uv": [104, 56], "uv_size": [1.5, 1.5]},
								"east": {"uv": [41.5, 100], "uv_size": [-1.5, 3.5]},
								"south": {"uv": [104, 62], "uv_size": [1.5, 1.5]},
								"west": {"uv": [96.5, 102.5], "uv_size": [-1.5, -3.5]},
								"up": {"uv": [17.5, 101.5], "uv_size": [-3.5, -1.5]},
								"down": {"uv": [103.5, 25.5], "uv_size": [-3.5, -1.5]}
							}
						},
						{
							"origin": [6.41946, 14.94597, -2.26874],
							"size": [1, 1, 2.5],
							"uv": {
								"north": {"uv": [104, 76], "uv_size": [1.5, 1.5]},
								"east": {"uv": [47.5, 100], "uv_size": [-1.5, 3.5]},
								"south": {"uv": [78, 104], "uv_size": [1.5, 1.5]},
								"west": {"uv": [43.5, 103.5], "uv_size": [-1.5, -3.5]},
								"up": {"uv": [103.5, 27.5], "uv_size": [-3.5, -1.5]},
								"down": {"uv": [103.5, 57.5], "uv_size": [-3.5, -1.5]}
							}
						},
						{
							"origin": [6.41946, 16.05701, -2.94001],
							"size": [1, 1, 3.5],
							"uv": {
								"north": {"uv": [80, 104], "uv_size": [1.5, 1.5]},
								"east": {"uv": [36.5, 99], "uv_size": [-1.5, 4.5]},
								"south": {"uv": [104, 80], "uv_size": [1.5, 1.5]},
								"west": {"uv": [100.5, 38.5], "uv_size": [-1.5, -4.5]},
								"up": {"uv": [24.5, 100.5], "uv_size": [-4.5, -1.5]},
								"down": {"uv": [29.5, 100.5], "uv_size": [-4.5, -1.5]}
							}
						},
						{
							"origin": [6.41946, 15.44597, -4.76874],
							"size": [1, 0, 2.5],
							"uv": {
								"north": {"uv": [0, 0], "uv_size": [0, 1.5]},
								"east": {"uv": [0, 0], "uv_size": [0, 2.5]},
								"south": {"uv": [0, 0], "uv_size": [0, 1.5]},
								"west": {"uv": [0, 2.5], "uv_size": [0, -2.5]},
								"up": {"uv": [103.5, 78.5], "uv_size": [-2.5, -1.5]},
								"down": {"uv": [103.5, 93.5], "uv_size": [-2.5, -1.5]}
							}
						},
						{
							"origin": [6.41946, 16.55701, -5.44001],
							"size": [1, 0, 2.5],
							"uv": {
								"north": {"uv": [0, 0], "uv_size": [0, 1.5]},
								"east": {"uv": [0, 0], "uv_size": [0, 2.5]},
								"south": {"uv": [0, 0], "uv_size": [0, 1.5]},
								"west": {"uv": [0, 2.5], "uv_size": [0, -2.5]},
								"up": {"uv": [99.5, 102.5], "uv_size": [-2.5, -1.5]},
								"down": {"uv": [103.5, 99.5], "uv_size": [-2.5, -1.5]}
							}
						},
						{
							"origin": [6.41946, 17.66805, -4.76874],
							"size": [1, 0, 2.5],
							"uv": {
								"north": {"uv": [0, 0], "uv_size": [0, 1.5]},
								"east": {"uv": [0, 0], "uv_size": [0, 2.5]},
								"south": {"uv": [0, 0], "uv_size": [0, 1.5]},
								"west": {"uv": [0, 2.5], "uv_size": [0, -2.5]},
								"up": {"uv": [102.5, 102.5], "uv_size": [-2.5, -1.5]},
								"down": {"uv": [2.5, 103.5], "uv_size": [-2.5, -1.5]}
							}
						},
						{
							"origin": [5.91945, 15.89738, -22.05313],
							"size": [1.5, 0, 2.5],
							"pivot": [8.16945, -30.12062, -2.55478],
							"rotation": [-22.5, 0, 0],
							"uv": {
								"north": {"uv": [0, 0], "uv_size": [0, 1.5]},
								"east": {"uv": [0, 0], "uv_size": [0, 2.5]},
								"south": {"uv": [0, 0], "uv_size": [0, 1.5]},
								"west": {"uv": [0, 2.5], "uv_size": [0, -2.5]},
								"up": {"uv": [104.5, 1.5], "uv_size": [-2.5, -1.5]},
								"down": {"uv": [104.5, 3.5], "uv_size": [-2.5, -1.5]}
							}
						}
					]
				},
				{
					"name": "leftarm",
					"parent": "body",
					"pivot": [-6.875, 25.07152, 2.40288],
					"cubes": [
						{
							"origin": [-8.5, 22.32152, 0.65288],
							"size": [3.25, 5.5, 3.5],
							"uv": {
								"north": {"uv": [80, 54], "uv_size": [-5, 8]},
								"east": {"uv": [37, 72], "uv_size": [-6, 8]},
								"south": {"uv": [65, 75], "uv_size": [-5, 8]},
								"west": {"uv": [54, 68], "uv_size": [-6, 8]},
								"up": {"uv": [64, 83], "uv_size": [-5, 6]},
								"down": {"uv": [69, 89], "uv_size": [-5, -6]}
							}
						}
					]
				},
				{
					"name": "shoulder",
					"parent": "leftarm",
					"pivot": [0, 0, 0],
					"cubes": [
						{
							"origin": [-9, 25.32152, 0.15288],
							"size": [3.25, 3.5, 4.5],
							"uv": {
								"north": {"uv": [76.5, 113], "uv_size": [4, 3.5]},
								"east": {"uv": [83.5, 123], "uv_size": [4.5, 3.5]},
								"south": {"uv": [76.5, 117], "uv_size": [4, 3.5]},
								"west": {"uv": [88, 116.5], "uv_size": [4.5, 3.5]},
								"up": {"uv": [68.5, 114], "uv_size": [4, 4.5]},
								"down": {"uv": [72.5, 118.5], "uv_size": [4, -4.5]}
							}
						},
						{
							"origin": [-9, 24.82152, -0.34712],
							"size": [3.25, 0.5, 1],
							"uv": {
								"north": {"uv": [80.5, 120], "uv_size": [3.5, 0.5]},
								"east": {"uv": [68.5, 113], "uv_size": [1, 0.5]},
								"south": {"uv": [94, 118], "uv_size": [3.5, 0.5]},
								"west": {"uv": [69.5, 113], "uv_size": [1, 0.5]},
								"up": {"uv": [62.5, 122], "uv_size": [3.5, 1]},
								"down": {"uv": [80.5, 111], "uv_size": [3.5, -1]}
							}
						},
						{
							"origin": [-9.5, 24.82152, 0.15288],
							"size": [1, 0.5, 4.5],
							"uv": {
								"north": {"uv": [74.5, 113], "uv_size": [1, 0.5]},
								"east": {"uv": [80.5, 116], "uv_size": [4.5, 0.5]},
								"south": {"uv": [75.5, 113], "uv_size": [1, 0.5]},
								"west": {"uv": [80.5, 117], "uv_size": [4.5, 0.5]},
								"up": {"uv": [75.5, 121], "uv_size": [1, 4.5]},
								"down": {"uv": [76.5, 125.5], "uv_size": [1, -4.5]}
							}
						},
						{
							"origin": [-5.75, 28.82152, 0.15288],
							"size": [0.5, 0.5, 4.5],
							"uv": {
								"north": {"uv": [86.5, 121], "uv_size": [0.5, 0.5]},
								"east": {"uv": [80.5, 118], "uv_size": [4.5, 0.5]},
								"south": {"uv": [83, 116], "uv_size": [0.5, 0.5]},
								"west": {"uv": [80.5, 119], "uv_size": [4.5, 0.5]},
								"up": {"uv": [85.5, 118], "uv_size": [0.5, 4.5]},
								"down": {"uv": [62.5, 127.5], "uv_size": [0.5, -4.5]}
							}
						},
						{
							"origin": [-5.75, 25.32152, -0.34712],
							"size": [0.5, 3.5, 1],
							"uv": {
								"north": {"uv": [63.5, 123], "uv_size": [0.5, 3.5]},
								"east": {"uv": [66.5, 122], "uv_size": [1, 3.5]},
								"south": {"uv": [64.5, 123], "uv_size": [0.5, 3.5]},
								"west": {"uv": [67.5, 122], "uv_size": [1, 3.5]},
								"up": {"uv": [66.5, 118], "uv_size": [0.5, 1]},
								"down": {"uv": [67.5, 119], "uv_size": [0.5, -1]}
							}
						},
						{
							"origin": [-9, 24.82152, 4.15288],
							"size": [3.25, 0.5, 1],
							"uv": {
								"north": {"uv": [70.5, 123], "uv_size": [3.5, 0.5]},
								"east": {"uv": [81.5, 113], "uv_size": [1, 0.5]},
								"south": {"uv": [81.5, 112], "uv_size": [3.5, 0.5]},
								"west": {"uv": [81.5, 114], "uv_size": [1, 0.5]},
								"up": {"uv": [80.5, 111], "uv_size": [3.5, 1]},
								"down": {"uv": [70.5, 123], "uv_size": [3.5, -1]}
							}
						},
						{
							"origin": [-5.75, 25.32152, 4.15288],
							"size": [0.5, 3.5, 1],
							"uv": {
								"north": {"uv": [65.5, 123], "uv_size": [0.5, 3.5]},
								"east": {"uv": [80.5, 112], "uv_size": [1, 3.5]},
								"south": {"uv": [81.5, 121], "uv_size": [0.5, 3.5]},
								"west": {"uv": [74.5, 122], "uv_size": [1, 3.5]},
								"up": {"uv": [81.5, 115], "uv_size": [0.5, 1]},
								"down": {"uv": [83.5, 112], "uv_size": [0.5, -1]}
							}
						}
					]
				},
				{
					"name": "fore_left_arm",
					"parent": "leftarm",
					"pivot": [-6.625, 22.23181, 2.34801],
					"cubes": [
						{
							"origin": [-8, 16.48181, 1.09801],
							"size": [2.75, 6, 2.5],
							"uv": {
								"north": {"uv": [33, 80], "uv_size": [-4, 8]},
								"east": {"uv": [84, 54], "uv_size": [-4, 8]},
								"south": {"uv": [84, 34], "uv_size": [-4, 8]},
								"west": {"uv": [37, 80], "uv_size": [-4, 8]},
								"up": {"uv": [4, 89], "uv_size": [-4, 4]},
								"down": {"uv": [92, 93], "uv_size": [-4, -4]}
							}
						}
					]
				},
				{
					"name": "lefthand",
					"parent": "fore_left_arm",
					"pivot": [-6.89168, 16.53369, 2.29318],
					"rotation": [90, 0, 0],
					"cubes": [
						{
							"origin": [-7.66946, 14.77368, -0.15667],
							"size": [1.5, 3.5, 2.5],
							"uv": {
								"north": {"uv": [53, 97.5], "uv_size": [4.5, -2.5]},
								"east": {"uv": [93.5, 24], "uv_size": [-4.5, 4]},
								"south": {"uv": [58, 97.5], "uv_size": [4.5, -2.5]},
								"west": {"uv": [63.5, 93], "uv_size": [-4.5, -4]},
								"up": {"uv": [18, 97], "uv_size": [-4, 2.5]},
								"down": {"uv": [44, 97], "uv_size": [-4, 2.5]}
							}
						}
					]
				},
				{
					"name": "bone9",
					"parent": "lefthand",
					"pivot": [-6.66946, 15.41264, -0.2354],
					"rotation": [0, -90, 0],
					"cubes": [
						{
							"origin": [-7.16946, 14.91264, -1.9854],
							"size": [1, 1, 2.5],
							"uv": {
								"north": {"uv": [104, 77.5], "uv_size": [1.5, -1.5]},
								"east": {"uv": [43.5, 100], "uv_size": [-1.5, 3.5]},
								"south": {"uv": [78, 105.5], "uv_size": [1.5, -1.5]},
								"west": {"uv": [47.5, 103.5], "uv_size": [-1.5, -3.5]},
								"up": {"uv": [103.5, 26], "uv_size": [-3.5, 1.5]},
								"down": {"uv": [103.5, 56], "uv_size": [-3.5, 1.5]}
							}
						},
						{
							"origin": [-7.16946, 15.41264, -4.4854],
							"size": [1, 0, 2.5],
							"uv": {
								"north": {"uv": [0, 1.5], "uv_size": [0, -1.5]},
								"east": {"uv": [0, 0], "uv_size": [0, 2.5]},
								"south": {"uv": [0, 1.5], "uv_size": [0, -1.5]},
								"west": {"uv": [0, 2.5], "uv_size": [0, -2.5]},
								"up": {"uv": [103.5, 77], "uv_size": [-2.5, 1.5]},
								"down": {"uv": [103.5, 92], "uv_size": [-2.5, 1.5]}
							}
						}
					]
				},
				{
					"name": "bone8",
					"parent": "lefthand",
					"pivot": [-6.91946, 16.52368, -0.15667],
					"rotation": [0, -90, 0],
					"cubes": [
						{
							"origin": [-7.41946, 16.02368, -2.65667],
							"size": [1, 1, 3],
							"uv": {
								"north": {"uv": [80, 105.5], "uv_size": [1.5, -1.5]},
								"east": {"uv": [100.5, 34], "uv_size": [-1.5, 4.5]},
								"south": {"uv": [104, 81.5], "uv_size": [1.5, -1.5]},
								"west": {"uv": [36.5, 103.5], "uv_size": [-1.5, -4.5]},
								"up": {"uv": [24.5, 99], "uv_size": [-4.5, 1.5]},
								"down": {"uv": [29.5, 99], "uv_size": [-4.5, 1.5]}
							}
						},
						{
							"origin": [-7.41946, 16.52368, -5.15667],
							"size": [1, 0, 2.5],
							"uv": {
								"north": {"uv": [0, 1.5], "uv_size": [0, -1.5]},
								"east": {"uv": [0, 0], "uv_size": [0, 2.5]},
								"south": {"uv": [0, 1.5], "uv_size": [0, -1.5]},
								"west": {"uv": [0, 2.5], "uv_size": [0, -2.5]},
								"up": {"uv": [99.5, 101], "uv_size": [-2.5, 1.5]},
								"down": {"uv": [103.5, 98], "uv_size": [-2.5, 1.5]}
							}
						}
					]
				},
				{
					"name": "bone7",
					"parent": "bone8",
					"pivot": [-6.91946, 17.63472, -0.1854],
					"cubes": [
						{
							"origin": [-7.41946, 17.13472, -2.2354],
							"size": [1, 1, 2.5],
							"uv": {
								"north": {"uv": [104, 57.5], "uv_size": [1.5, -1.5]},
								"east": {"uv": [96.5, 99], "uv_size": [-1.5, 3.5]},
								"south": {"uv": [104, 63.5], "uv_size": [1.5, -1.5]},
								"west": {"uv": [41.5, 103.5], "uv_size": [-1.5, -3.5]},
								"up": {"uv": [17.5, 100], "uv_size": [-3.5, 1.5]},
								"down": {"uv": [103.5, 24], "uv_size": [-3.5, 1.5]}
							}
						},
						{
							"origin": [-7.41946, 17.63472, -4.4854],
							"size": [1, 0, 2.5],
							"uv": {
								"north": {"uv": [0, 1.5], "uv_size": [0, -1.5]},
								"east": {"uv": [0, 0], "uv_size": [0, 2.5]},
								"south": {"uv": [0, 1.5], "uv_size": [0, -1.5]},
								"west": {"uv": [0, 2.5], "uv_size": [0, -2.5]},
								"up": {"uv": [102.5, 101], "uv_size": [-2.5, 1.5]},
								"down": {"uv": [2.5, 102], "uv_size": [-2.5, 1.5]}
							}
						}
					]
				},
				{
					"name": "bone6",
					"parent": "lefthand",
					"pivot": [-6.79445, 18.06875, 1.50013],
					"rotation": [0, -90, 0],
					"cubes": [
						{
							"origin": [-7.41945, 15.05945, -20.51419],
							"size": [1, 1, 3],
							"pivot": [-9.66945, -32.80631, -2.25047],
							"rotation": [-22.5, 0, 0],
							"uv": {
								"north": {"uv": [48, 105.5], "uv_size": [1.5, -1.5]},
								"east": {"uv": [69.5, 99], "uv_size": [-1.5, 3.5]},
								"south": {"uv": [50, 105.5], "uv_size": [1.5, -1.5]},
								"west": {"uv": [86.5, 102.5], "uv_size": [-1.5, -3.5]},
								"up": {"uv": [103.5, 10], "uv_size": [-3.5, 1.5]},
								"down": {"uv": [103.5, 12], "uv_size": [-3.5, 1.5]}
							}
						},
						{
							"origin": [-7.41945, 15.86405, -22.0198],
							"size": [1.5, 0, 2.5],
							"pivot": [-8.16945, -30.15396, -2.52145],
							"rotation": [-22.5, 0, 0],
							"uv": {
								"north": {"uv": [0, 1.5], "uv_size": [0, -1.5]},
								"east": {"uv": [0, 0], "uv_size": [0, 2.5]},
								"south": {"uv": [0, 1.5], "uv_size": [0, -1.5]},
								"west": {"uv": [0, 2.5], "uv_size": [0, -2.5]},
								"up": {"uv": [104.5, 0], "uv_size": [-2.5, 1.5]},
								"down": {"uv": [104.5, 2], "uv_size": [-2.5, 1.5]}
							}
						}
					]
				},
				{
					"name": "spear",
					"parent": "lefthand",
					"pivot": [-5.75, 16.04167, 0.5],
					"cubes": [
						{
							"origin": [-6.25, -4, 0],
							"size": [1, 29, 1],
							"uv": {
								"north": {"uv": [114, 0], "uv_size": [-1, 29]},
								"east": {"uv": [110, 0], "uv_size": [1, 29]},
								"south": {"uv": [112, 0], "uv_size": [-1, 29]},
								"west": {"uv": [112, 0], "uv_size": [1, 29]},
								"up": {"uv": [126, 4], "uv_size": [1, 1]},
								"down": {"uv": [115, 17], "uv_size": [1, -1]}
							}
						},
						{
							"origin": [-6.75, -6, -0.5],
							"size": [2, 2, 2],
							"pivot": [-7.75, -5, 0.5],
							"rotation": [-45, 0, 0],
							"uv": {
								"north": {"uv": [114, 11], "uv_size": [2, 2]},
								"east": {"uv": [118, 10], "uv_size": [2, 2]},
								"south": {"uv": [120, 8], "uv_size": [2, 2]},
								"west": {"uv": [120, 10], "uv_size": [2, 2]},
								"up": {"uv": [116, 11], "uv_size": [2, 2]},
								"down": {"uv": [118, 14], "uv_size": [2, -2]}
							}
						},
						{
							"origin": [-6.75, 25, -1],
							"size": [2, 1, 3],
							"uv": {
								"north": {"uv": [118, 14], "uv_size": [2, 1]},
								"east": {"uv": [122, 10], "uv_size": [3, 1]},
								"south": {"uv": [124, 6], "uv_size": [2, 1]},
								"west": {"uv": [122, 11], "uv_size": [3, 1]},
								"up": {"uv": [120, 4], "uv_size": [3, 2]},
								"down": {"uv": [120, 8], "uv_size": [3, -2]}
							}
						},
						{
							"origin": [-6.25, 25.25, -3],
							"size": [1, 1, 7],
							"uv": {
								"north": {"uv": [116, 16], "uv_size": [1, 1]},
								"east": {"uv": [120, 0], "uv_size": [7, 1]},
								"south": {"uv": [126, 5], "uv_size": [1, 1]},
								"west": {"uv": [120, 1], "uv_size": [7, 1]},
								"up": {"uv": [120, 2], "uv_size": [7, 1]},
								"down": {"uv": [120, 4], "uv_size": [7, -1]}
							}
						},
						{
							"origin": [-6.83579, 24.75, -1.58579],
							"size": [1, 2, 1],
							"pivot": [-7.75, 27.25, -2.5],
							"rotation": [0, 45, 0],
							"uv": {
								"north": {"uv": [118, 15], "uv_size": [1, 2]},
								"east": {"uv": [124, 8], "uv_size": [1, 2]},
								"south": {"uv": [120, 14], "uv_size": [1, 2]},
								"west": {"uv": [121, 14], "uv_size": [1, 2]},
								"up": {"uv": [126, 6], "uv_size": [1, 1]},
								"down": {"uv": [117, 17], "uv_size": [1, -1]}
							}
						},
						{
							"origin": [-6.83579, 24.75, 1.58579],
							"size": [1, 2, 1],
							"pivot": [-7.75, 27.25, 3.5],
							"rotation": [0, -45, 0],
							"uv": {
								"north": {"uv": [121, 14], "uv_size": [-1, 2]},
								"east": {"uv": [125, 8], "uv_size": [-1, 2]},
								"south": {"uv": [119, 15], "uv_size": [-1, 2]},
								"west": {"uv": [122, 14], "uv_size": [-1, 2]},
								"up": {"uv": [127, 6], "uv_size": [-1, 1]},
								"down": {"uv": [118, 17], "uv_size": [-1, -1]}
							}
						},
						{
							"origin": [-6, 26, -0.5],
							"size": [0.5, 6, 2],
							"uv": {
								"north": {"uv": [114, 13], "uv_size": [0.5, 6]},
								"east": {"uv": [114, 0], "uv_size": [2, 6]},
								"south": {"uv": [122, 12], "uv_size": [0.5, 6]},
								"west": {"uv": [116, 0], "uv_size": [-2, 6]},
								"up": {"uv": [126, 9], "uv_size": [2, 0.5]},
								"down": {"uv": [120, 16.5], "uv_size": [2, -0.5]}
							}
						},
						{
							"origin": [-6, 32, 0],
							"size": [0.5, 3, 1],
							"uv": {
								"north": {"uv": [124, 15], "uv_size": [0.5, 3]},
								"east": {"uv": [123, 4], "uv_size": [1, 3]},
								"south": {"uv": [125, 13], "uv_size": [0.5, 3]},
								"west": {"uv": [124, 4], "uv_size": [-1, 3]},
								"up": {"uv": [127, 3], "uv_size": [1, 0.5]},
								"down": {"uv": [127, 4.5], "uv_size": [1, -0.5]}
							}
						},
						{
							"origin": [-6, 28, -0.5],
							"size": [0.5, 2, 2],
							"inflate": 0.01,
							"pivot": [-7.75, 29, 0.5],
							"rotation": [45, 0, 0],
							"uv": {
								"north": {"uv": [126, 12], "uv_size": [0.5, 2]},
								"east": {"uv": [122, 8], "uv_size": [2, 2]},
								"south": {"uv": [126, 10], "uv_size": [0.5, 2]},
								"west": {"uv": [124, 8], "uv_size": [-2, 2]},
								"up": {"uv": [126, 14], "uv_size": [2, 0.5]},
								"down": {"uv": [125, 16.5], "uv_size": [2, -0.5]}
							}
						},
						{
							"origin": [-6.1, 28.5, 0],
							"size": [0.7, 1, 1],
							"inflate": 0.01,
							"pivot": [-8.25, 29, 0.5],
							"rotation": [45, 0, 0],
							"uv": {
								"north": {"uv": [127, 5], "uv_size": [0.5, 1]},
								"east": {"uv": [126, 15], "uv_size": [1, 1]},
								"south": {"uv": [115, 17], "uv_size": [0.5, 1]},
								"west": {"uv": [127, 0], "uv_size": [1, 1]},
								"up": {"uv": [116, 17], "uv_size": [1, 0.5]},
								"down": {"uv": [127, 6.5], "uv_size": [1, -0.5]}
							}
						},
						{
							"origin": [-7.1, 24.75, 0],
							"size": [2.7, 1, 1],
							"inflate": 0.01,
							"pivot": [-8.25, 25.25, 0.5],
							"rotation": [45, 0, 0],
							"uv": {
								"north": {"uv": [123, 12], "uv_size": [2.5, 1]},
								"east": {"uv": [127, 1], "uv_size": [1, 1]},
								"south": {"uv": [123, 7], "uv_size": [2.5, 1]},
								"west": {"uv": [127, 2], "uv_size": [1, 1]},
								"up": {"uv": [116, 13], "uv_size": [1, 2.5]},
								"down": {"uv": [117, 15.5], "uv_size": [1, -2.5]}
							}
						},
						{
							"origin": [-7.08579, 20, -1.66421],
							"size": [1.5, 5, 1.5],
							"pivot": [-7.75, 24.5, 0.5],
							"rotation": [0, -45, 0],
							"uv": {
								"north": {"uv": [118, 5], "uv_size": [1.5, 5]},
								"east": {"uv": [114, 6], "uv_size": [1.5, 5]},
								"south": {"uv": [116, 6], "uv_size": [1.5, 5]},
								"west": {"uv": [118, 0], "uv_size": [1.5, 5]},
								"up": {"uv": [123, 13], "uv_size": [1.5, 1.5]},
								"down": {"uv": [124, 5.5], "uv_size": [1.5, -1.5]}
							}
						}
					]
				},
				{
					"name": "loincloth",
					"parent": "body",
					"pivot": [0, 0, 0],
					"cubes": [
						{
							"origin": [-4.75, 15.75, -0.75],
							"size": [9.5, 1, 5],
							"uv": {
								"north": {"uv": [66.5, 119], "uv_size": [9.5, 1]},
								"east": {"uv": [88, 115], "uv_size": [5, 1]},
								"south": {"uv": [66.5, 120], "uv_size": [9.5, 1]},
								"west": {"uv": [70.5, 121], "uv_size": [5, 1]},
								"up": {"uv": [91, 121.5], "uv_size": [9.5, 5]},
								"down": {"uv": [60.5, 112], "uv_size": [9.5, -5]}
							}
						}
					]
				},
				{
					"name": "bone10",
					"parent": "loincloth",
					"pivot": [0, 16, -0.25],
					"cubes": [
						{
							"origin": [-2, 10, -0.25],
							"size": [4, 6, 0],
							"uv": {
								"north": {"uv": [60.5, 112], "uv_size": [4, 6]},
								"east": {"uv": [72, 106], "uv_size": [0, 6]},
								"south": {"uv": [60.5, 112], "uv_size": [4, 6]},
								"west": {"uv": [72, 106], "uv_size": [0, 6]},
								"up": {"uv": [73, 109.5], "uv_size": [4, 0]},
								"down": {"uv": [74, 109.5], "uv_size": [4, 0]}
							}
						}
					]
				},
				{
					"name": "bone11",
					"parent": "bone10",
					"pivot": [0, 10, -0.25],
					"cubes": [
						{
							"origin": [-2, 4, -0.25],
							"size": [4, 6, 0],
							"uv": {
								"north": {"uv": [64.5, 112], "uv_size": [4, 6]},
								"east": {"uv": [72, 106], "uv_size": [0, 6]},
								"south": {"uv": [64.5, 112], "uv_size": [4, 6]},
								"west": {"uv": [72, 106], "uv_size": [0, 6]},
								"up": {"uv": [73, 109.5], "uv_size": [4, 0]},
								"down": {"uv": [74, 109.5], "uv_size": [4, 0]}
							}
						}
					]
				},
				{
					"name": "tail",
					"parent": "body",
					"pivot": [0.05, 18.73933, 3.71454],
					"cubes": [
						{
							"origin": [-1.9, 16.58933, 3.66454],
							"size": [3.9, 4.2, 5.4],
							"uv": {
								"north": {"uv": [112, 118.5], "uv_size": [6.5, 7]},
								"east": {"uv": [102, 121], "uv_size": [9, 7]},
								"south": {"uv": [121.5, 111], "uv_size": [6.5, 7]},
								"west": {"uv": [119, 93], "uv_size": [9, 7]},
								"up": {"uv": [119.5, 119], "uv_size": [6.5, 9]},
								"down": {"uv": [121.5, 110], "uv_size": [6.5, -9]}
							}
						},
						{
							"origin": [0.05, 20.78933, 3.66454],
							"size": [0, 3, 4.8],
							"uv": {
								"north": {"uv": [0, 0], "uv_size": [0, 5]},
								"east": {"uv": [37.5, 0], "uv_size": [8, 5]},
								"south": {"uv": [0, 0], "uv_size": [0, 5]},
								"west": {"uv": [16.5, 2], "uv_size": [8, 5]},
								"up": {"uv": [0, 0], "uv_size": [0, 8]},
								"down": {"uv": [0, 8], "uv_size": [0, -8]}
							}
						}
					]
				},
				{
					"name": "bone",
					"parent": "tail",
					"pivot": [0.05, 18.58933, 9.06454],
					"cubes": [
						{
							"origin": [-1.6, 16.88933, 9.06454],
							"size": [3.3, 3.6, 4.8],
							"uv": {
								"north": {"uv": [17.5, 32], "uv_size": [5.5, 6]},
								"east": {"uv": [120, 58], "uv_size": [8, 6]},
								"south": {"uv": [122.5, 48.5], "uv_size": [5.5, 6]},
								"west": {"uv": [118, 64.5], "uv_size": [8, 6]},
								"up": {"uv": [122.5, 29], "uv_size": [5.5, 8]},
								"down": {"uv": [122.5, 46], "uv_size": [5.5, -8]}
							}
						},
						{
							"origin": [0.05, 20.48933, 8.46454],
							"size": [0, 3, 4.8],
							"uv": {
								"north": {"uv": [0, 0], "uv_size": [0, 5]},
								"east": {"uv": [28, 9], "uv_size": [8, 5]},
								"south": {"uv": [0, 0], "uv_size": [0, 5]},
								"west": {"uv": [29, 14.5], "uv_size": [8, 5]},
								"up": {"uv": [0, 0], "uv_size": [0, 8]},
								"down": {"uv": [0, 8], "uv_size": [0, -8]}
							}
						}
					]
				},
				{
					"name": "bone2",
					"parent": "bone",
					"pivot": [0.05, 18.53933, 13.91454],
					"cubes": [
						{
							"origin": [-1.3, 17.18933, 13.86454],
							"size": [2.7, 3, 3.6],
							"uv": {
								"north": {"uv": [22.5, 41], "uv_size": [4.5, 5]},
								"east": {"uv": [17, 16.5], "uv_size": [6, 5]},
								"south": {"uv": [24, 16.5], "uv_size": [4.5, 5]},
								"west": {"uv": [17, 10.5], "uv_size": [6, 5]},
								"up": {"uv": [17.5, 38.5], "uv_size": [4.5, 6]},
								"down": {"uv": [0, 128], "uv_size": [4.5, -6]}
							}
						},
						{
							"origin": [0.05, 20.18933, 13.26454],
							"size": [0, 2.4, 4.2],
							"uv": {
								"north": {"uv": [0, 0], "uv_size": [0, 4]},
								"east": {"uv": [0, 33.5], "uv_size": [7, 4]},
								"south": {"uv": [0, 0], "uv_size": [0, 4]},
								"west": {"uv": [37.5, 12], "uv_size": [7, 4]},
								"up": {"uv": [0, 0], "uv_size": [0, 7]},
								"down": {"uv": [0, 7], "uv_size": [0, -7]}
							}
						}
					]
				},
				{
					"name": "bone3",
					"parent": "bone2",
					"pivot": [0.05, 18.73933, 17.46454],
					"cubes": [
						{
							"origin": [-1, 17.48933, 17.46454],
							"size": [2.1, 2.4, 3.6],
							"uv": {
								"north": {"uv": [0, 54.5], "uv_size": [3.5, 4]},
								"east": {"uv": [4, 54], "uv_size": [6, 4]},
								"south": {"uv": [28, 41.5], "uv_size": [3.5, 4]},
								"west": {"uv": [10.5, 54.5], "uv_size": [6, 4]},
								"up": {"uv": [18.5, 45.5], "uv_size": [3.5, 6]},
								"down": {"uv": [24, 15.5], "uv_size": [3.5, -6]}
							}
						},
						{
							"origin": [0.05, 19.88933, 16.86454],
							"size": [0, 1.8, 3.6],
							"uv": {
								"north": {"uv": [0, 0], "uv_size": [0, 3]},
								"east": {"uv": [6, 26], "uv_size": [6, 3]},
								"south": {"uv": [0, 0], "uv_size": [0, 3]},
								"west": {"uv": [25.5, 0], "uv_size": [6, 3]},
								"up": {"uv": [0, 0], "uv_size": [0, 6]},
								"down": {"uv": [0, 6], "uv_size": [0, -6]}
							}
						}
					]
				},
				{
					"name": "bone5",
					"parent": "bone3",
					"pivot": [0.05, 18.58933, 21.11454],
					"cubes": [
						{
							"origin": [-0.7, 17.78933, 21.06454],
							"size": [1.5, 1.8, 3],
							"uv": {
								"north": {"uv": [6.5, 45.5], "uv_size": [2.5, 3]},
								"east": {"uv": [22.5, 46.5], "uv_size": [5, 3]},
								"south": {"uv": [11.5, 59], "uv_size": [2.5, 3]},
								"west": {"uv": [22.5, 50], "uv_size": [5, 3]},
								"up": {"uv": [0, 61.5], "uv_size": [2.5, 5]},
								"down": {"uv": [15, 51.5], "uv_size": [2.5, -5]}
							}
						},
						{
							"origin": [0.05, 19.58933, 20.46454],
							"size": [0, 1.8, 3.6],
							"uv": {
								"north": {"uv": [0, 0], "uv_size": [0, 3]},
								"east": {"uv": [0, 39], "uv_size": [6, 3]},
								"south": {"uv": [0, 0], "uv_size": [0, 3]},
								"west": {"uv": [37.5, 16.5], "uv_size": [6, 3]},
								"up": {"uv": [0, 0], "uv_size": [0, 6]},
								"down": {"uv": [0, 6], "uv_size": [0, -6]}
							}
						}
					]
				},
				{
					"name": "bone4",
					"parent": "bone5",
					"pivot": [0.05, 18.68933, 24.06454],
					"cubes": [
						{
							"origin": [-0.4, 18.08933, 24.06454],
							"size": [0.9, 1.2, 11.4],
							"uv": {
								"north": {"uv": [0, 59], "uv_size": [1.5, 2]},
								"east": {"uv": [10, 126], "uv_size": [19, 2]},
								"south": {"uv": [6, 66], "uv_size": [1.5, 2]},
								"west": {"uv": [0, 52], "uv_size": [19, 2]},
								"up": {"uv": [123.5, 72.5], "uv_size": [1.5, 19]},
								"down": {"uv": [126.5, 89], "uv_size": [1.5, -19]}
							}
						},
						{
							"origin": [0.05, 19.28933, 24.06454],
							"size": [0, 1.8, 3],
							"uv": {
								"north": {"uv": [0, 0], "uv_size": [0, 3]},
								"east": {"uv": [0, 46], "uv_size": [5, 3]},
								"south": {"uv": [0, 0], "uv_size": [0, 3]},
								"west": {"uv": [0, 42.5], "uv_size": [5, 3]},
								"up": {"uv": [0, 0], "uv_size": [0, 5]},
								"down": {"uv": [0, 5], "uv_size": [0, -5]}
							}
						},
						{
							"origin": [0.05, 19.28933, 26.46454],
							"size": [0, 1.8, 3],
							"uv": {
								"north": {"uv": [0, 0], "uv_size": [0, 3]},
								"east": {"uv": [37.5, 5.5], "uv_size": [5, 3]},
								"south": {"uv": [0, 0], "uv_size": [0, 3]},
								"west": {"uv": [46, 0], "uv_size": [5, 3]},
								"up": {"uv": [0, 0], "uv_size": [0, 5]},
								"down": {"uv": [0, 5], "uv_size": [0, -5]}
							}
						},
						{
							"origin": [-4.15, 18.58933, 24.66454],
							"size": [8.4, 0.1, 13.2],
							"uv": {
								"north": {"uv": [0, 0], "uv_size": [14, 0]},
								"east": {"uv": [0, 0], "uv_size": [22, 0]},
								"south": {"uv": [0, 0], "uv_size": [14, 0]},
								"west": {"uv": [0, 0], "uv_size": [22, 0]},
								"up": {"uv": [1.5, 1.5], "uv_size": [14, 22]},
								"down": {"uv": [1.5, 23.5], "uv_size": [14, -22]}
							}
						}
					]
				},
				{
					"name": "lowerbody",
					"parent": "main2",
					"pivot": [0, 18.78933, 1.78954]
				},
				{
					"name": "leftleg",
					"parent": "lowerbody",
					"pivot": [-2.5, 15.78933, 1.76454],
					"cubes": [
						{
							"origin": [-4.5, 8.78933, -0.23546],
							"size": [4, 7, 4],
							"uv": {
								"north": {"uv": [4, 81], "uv_size": [4.5, 7]},
								"east": {"uv": [80, 13], "uv_size": [5, 7]},
								"south": {"uv": [9, 81], "uv_size": [4.5, 7]},
								"west": {"uv": [80, 20], "uv_size": [5, 7]},
								"up": {"uv": [4, 88], "uv_size": [4.5, 5]},
								"down": {"uv": [9, 93], "uv_size": [4.5, -5]}
							}
						}
					]
				},
				{
					"name": "left_lower_leg",
					"parent": "leftleg",
					"pivot": [-2.5, 8.80257, 0.73068],
					"cubes": [
						{
							"origin": [-4, 1.80257, 0.23068],
							"size": [3, 7, 3],
							"uv": {
								"north": {"uv": [40, 88], "uv_size": [3, 7]},
								"east": {"uv": [43, 84], "uv_size": [4, 7]},
								"south": {"uv": [88, 44], "uv_size": [3, 7]},
								"west": {"uv": [47, 84], "uv_size": [4, 7]},
								"up": {"uv": [37, 72], "uv_size": [3, 4]},
								"down": {"uv": [81, 98], "uv_size": [3, -4]}
							}
						}
					]
				},
				{
					"name": "backrighfootp2",
					"parent": "left_lower_leg",
					"pivot": [-2.64286, 1.83826, 1.6888],
					"cubes": [
						{
							"origin": [-3.5, -0.19745, -3.26931],
							"size": [1.5, 1.5, 2.5],
							"uv": {
								"north": {"uv": [104, 104], "uv_size": [1.5, 1.5]},
								"east": {"uv": [6, 103], "uv_size": [2.5, 1.5]},
								"south": {"uv": [105, 0], "uv_size": [1.5, 1.5]},
								"west": {"uv": [9, 103], "uv_size": [2.5, 1.5]},
								"up": {"uv": [33, 102], "uv_size": [1.5, 2.5]},
								"down": {"uv": [83, 104.5], "uv_size": [1.5, -2.5]}
							}
						},
						{
							"origin": [-4.64664, -0.19745, -3.29576],
							"size": [1.5, 1.5, 2.5],
							"pivot": [-2.75, 5.30255, -0.64431],
							"rotation": [0, 22.5, 0],
							"uv": {
								"north": {"uv": [105, 2], "uv_size": [1.5, 1.5]},
								"east": {"uv": [103, 14], "uv_size": [2.5, 1.5]},
								"south": {"uv": [6, 105], "uv_size": [1.5, 1.5]},
								"west": {"uv": [103, 16], "uv_size": [2.5, 1.5]},
								"up": {"uv": [17, 103], "uv_size": [1.5, 2.5]},
								"down": {"uv": [19, 105.5], "uv_size": [1.5, -2.5]}
							}
						},
						{
							"origin": [-2.10336, -0.19745, -3.29576],
							"size": [1.5, 1.5, 2.5],
							"pivot": [-2.5, 5.30255, -0.64431],
							"rotation": [0, -22.5, 0],
							"uv": {
								"north": {"uv": [105, 6], "uv_size": [1.5, 1.5]},
								"east": {"uv": [21, 103], "uv_size": [2.5, 1.5]},
								"south": {"uv": [8, 105], "uv_size": [1.5, 1.5]},
								"west": {"uv": [103, 37], "uv_size": [2.5, 1.5]},
								"up": {"uv": [24, 103], "uv_size": [1.5, 2.5]},
								"down": {"uv": [103, 47.5], "uv_size": [1.5, -2.5]}
							}
						},
						{
							"origin": [-4.5, -0.19745, -1.51931],
							"size": [4, 2, 5],
							"uv": {
								"north": {"uv": [53, 98], "uv_size": [4, 2.5]},
								"east": {"uv": [91, 74], "uv_size": [6, 2.5]},
								"south": {"uv": [57, 98], "uv_size": [4, 2.5]},
								"west": {"uv": [91, 77], "uv_size": [6, 2.5]},
								"up": {"uv": [85, 18], "uv_size": [4, 6]},
								"down": {"uv": [85, 30], "uv_size": [4, -6]}
							}
						},
						{
							"origin": [-3.7053, -0.19745, -5.83382],
							"size": [0, 1.5, 2.5],
							"pivot": [-2.55866, 5.30255, -0.18237],
							"rotation": [0, 22.5, 0],
							"uv": {
								"north": {"uv": [0, 0], "uv_size": [0, 1.5]},
								"east": {"uv": [103, 48], "uv_size": [2.5, 1.5]},
								"south": {"uv": [0, 0], "uv_size": [0, 1.5]},
								"west": {"uv": [103, 50], "uv_size": [2.5, 1.5]},
								"up": {"uv": [0, 0], "uv_size": [0, 2.5]},
								"down": {"uv": [0, 2.5], "uv_size": [0, -2.5]}
							}
						},
						{
							"origin": [-2.75, -0.19745, -5.76931],
							"size": [0, 1.5, 2.5],
							"uv": {
								"north": {"uv": [0, 0], "uv_size": [0, 1.5]},
								"east": {"uv": [52, 103], "uv_size": [2.5, 1.5]},
								"south": {"uv": [0, 0], "uv_size": [0, 1.5]},
								"west": {"uv": [103, 52], "uv_size": [2.5, 1.5]},
								"up": {"uv": [0, 0], "uv_size": [0, 2.5]},
								"down": {"uv": [0, 2.5], "uv_size": [0, -2.5]}
							}
						},
						{
							"origin": [0.05238, -0.19745, -5.05998],
							"size": [0, 1.5, 2.5],
							"pivot": [0.05238, 0.55255, -3.80998],
							"rotation": [0, -22.5, 0],
							"uv": {
								"north": {"uv": [0, 0], "uv_size": [0, 1.5]},
								"east": {"uv": [55, 103], "uv_size": [2.5, 1.5]},
								"south": {"uv": [0, 0], "uv_size": [0, 1.5]},
								"west": {"uv": [58, 103], "uv_size": [2.5, 1.5]},
								"up": {"uv": [0, 0], "uv_size": [0, 2.5]},
								"down": {"uv": [0, 2.5], "uv_size": [0, -2.5]}
							}
						}
					]
				},
				{
					"name": "rightleg",
					"parent": "lowerbody",
					"pivot": [2.5, 15.78933, 1.76454],
					"cubes": [
						{
							"origin": [0.5, 8.78933, -0.23546],
							"size": [4, 7, 4],
							"uv": {
								"north": {"uv": [14, 81], "uv_size": [4.5, 7]},
								"east": {"uv": [24, 80], "uv_size": [5, 7]},
								"south": {"uv": [19, 81], "uv_size": [4.5, 7]},
								"west": {"uv": [80, 27], "uv_size": [5, 7]},
								"up": {"uv": [14, 88], "uv_size": [4.5, 5]},
								"down": {"uv": [19, 93], "uv_size": [4.5, -5]}
							}
						}
					]
				},
				{
					"name": "right_lower_leg",
					"parent": "rightleg",
					"pivot": [2.5, 8.80255, 0.73069],
					"cubes": [
						{
							"origin": [1, 1.80255, 0.23069],
							"size": [3, 7, 3],
							"uv": {
								"north": {"uv": [51, 88], "uv_size": [3, 7]},
								"east": {"uv": [84, 48], "uv_size": [4, 7]},
								"south": {"uv": [88, 51], "uv_size": [3, 7]},
								"west": {"uv": [84, 55], "uv_size": [4, 7]},
								"up": {"uv": [24, 95], "uv_size": [3, 4]},
								"down": {"uv": [50, 99], "uv_size": [3, -4]}
							}
						}
					]
				},
				{
					"name": "backrighfootp",
					"parent": "right_lower_leg",
					"pivot": [2.64286, 1.78826, 1.6888],
					"cubes": [
						{
							"origin": [2, -0.19745, -3.26931],
							"size": [1.5, 1.5, 2.5],
							"uv": {
								"north": {"uv": [105, 8], "uv_size": [1.5, 1.5]},
								"east": {"uv": [103, 58], "uv_size": [2.5, 1.5]},
								"south": {"uv": [10, 105], "uv_size": [1.5, 1.5]},
								"west": {"uv": [103, 60], "uv_size": [2.5, 1.5]},
								"up": {"uv": [61, 103], "uv_size": [1.5, 2.5]},
								"down": {"uv": [63, 105.5], "uv_size": [1.5, -2.5]}
							}
						},
						{
							"origin": [3.14664, -0.19745, -3.29576],
							"size": [1.5, 1.5, 2.5],
							"pivot": [2.75, 5.30255, -0.64431],
							"rotation": [0, -22.5, 0],
							"uv": {
								"north": {"uv": [12, 105], "uv_size": [1.5, 1.5]},
								"east": {"uv": [65, 103], "uv_size": [2.5, 1.5]},
								"south": {"uv": [105, 18], "uv_size": [1.5, 1.5]},
								"west": {"uv": [68, 103], "uv_size": [2.5, 1.5]},
								"up": {"uv": [71, 103], "uv_size": [1.5, 2.5]},
								"down": {"uv": [103, 73.5], "uv_size": [1.5, -2.5]}
							}
						},
						{
							"origin": [0.60336, -0.19745, -3.29576],
							"size": [1.5, 1.5, 2.5],
							"pivot": [2.5, 5.30255, -0.64431],
							"rotation": [0, 22.5, 0],
							"uv": {
								"north": {"uv": [105, 20], "uv_size": [1.5, 1.5]},
								"east": {"uv": [103, 74], "uv_size": [2.5, 1.5]},
								"south": {"uv": [21, 105], "uv_size": [1.5, 1.5]},
								"west": {"uv": [75, 103], "uv_size": [2.5, 1.5]},
								"up": {"uv": [103, 84], "uv_size": [1.5, 2.5]},
								"down": {"uv": [85, 105.5], "uv_size": [1.5, -2.5]}
							}
						},
						{
							"origin": [0.5, -0.19745, -1.51931],
							"size": [4, 2, 5],
							"uv": {
								"north": {"uv": [61, 98], "uv_size": [4, 2.5]},
								"east": {"uv": [79, 91], "uv_size": [6, 2.5]},
								"south": {"uv": [98, 65], "uv_size": [4, 2.5]},
								"west": {"uv": [92, 89], "uv_size": [6, 2.5]},
								"up": {"uv": [84, 85], "uv_size": [4, 6]},
								"down": {"uv": [86, 6], "uv_size": [4, -6]}
							}
						},
						{
							"origin": [3.7053, -0.19745, -5.83382],
							"size": [0, 1.5, 2.5],
							"pivot": [2.55866, 5.30255, -0.18237],
							"rotation": [0, -22.5, 0],
							"uv": {
								"north": {"uv": [0, 0], "uv_size": [0, 1.5]},
								"east": {"uv": [103, 94], "uv_size": [2.5, 1.5]},
								"south": {"uv": [0, 0], "uv_size": [0, 1.5]},
								"west": {"uv": [95, 103], "uv_size": [2.5, 1.5]},
								"up": {"uv": [0, 0], "uv_size": [0, 2.5]},
								"down": {"uv": [0, 2.5], "uv_size": [0, -2.5]}
							}
						},
						{
							"origin": [2.75, -0.19745, -5.76931],
							"size": [0, 1.5, 2.5],
							"uv": {
								"north": {"uv": [0, 0], "uv_size": [0, 1.5]},
								"east": {"uv": [103, 96], "uv_size": [2.5, 1.5]},
								"south": {"uv": [0, 0], "uv_size": [0, 1.5]},
								"west": {"uv": [98, 103], "uv_size": [2.5, 1.5]},
								"up": {"uv": [0, 0], "uv_size": [0, 2.5]},
								"down": {"uv": [0, 2.5], "uv_size": [0, -2.5]}
							}
						},
						{
							"origin": [-0.05238, -0.19745, -5.05998],
							"size": [0, 1.5, 2.5],
							"pivot": [-0.05238, 0.55255, -3.80998],
							"rotation": [0, 22.5, 0],
							"uv": {
								"north": {"uv": [0, 0], "uv_size": [0, 1.5]},
								"east": {"uv": [103, 100], "uv_size": [2.5, 1.5]},
								"south": {"uv": [0, 0], "uv_size": [0, 1.5]},
								"west": {"uv": [101, 103], "uv_size": [2.5, 1.5]},
								"up": {"uv": [0, 0], "uv_size": [0, 2.5]},
								"down": {"uv": [0, 2.5], "uv_size": [0, -2.5]}
							}
						}
					]
				},
				{
					"name": "hitbox",
					"pivot": [0, 31.5, 1],
					"cubes": [
						{
							"origin": [-8, 0, -8],
							"size": [16, 37, 16],
							"uv": {
								"north": {"uv": [120.5, 23], "uv_size": [2, 2]},
								"east": {"uv": [120.5, 23], "uv_size": [2, 2]},
								"south": {"uv": [120.5, 23], "uv_size": [2, 2]},
								"west": {"uv": [122.5, 26], "uv_size": [-2, -2]},
								"up": {"uv": [122.5, 25], "uv_size": [-2, -2]},
								"down": {"uv": [122.5, 25], "uv_size": [-2, -2]}
							}
						}
					]
				}
			]
		}
	]
}