{
	"format_version": "1.12.0",
	"minecraft:geometry": [
		{
			"description": {
				"identifier": "geometry.greendragon",
				"texture_width": 128,
				"texture_height": 128,
				"visible_bounds_width": 11,
				"visible_bounds_height": 4.5,
				"visible_bounds_offset": [0, 1.75, 0]
			},
			"bones": [
				{
					"name": "main",
					"pivot": [0, 2, 0]
				},
				{
					"name": "body",
					"parent": "main",
					"pivot": [0.00357, 17.38037, 0.49315],
					"cubes": [
						{
							"origin": [-6, 12.03983, -12.45296],
							"size": [12, 10, 17],
							"uv": {
								"north": {"uv": [74, 20], "uv_size": [12, 10]},
								"east": {"uv": [66, 59], "uv_size": [17, 10]},
								"south": {"uv": [74, 30], "uv_size": [12, 10]},
								"west": {"uv": [66, 69], "uv_size": [17, 10]},
								"up": {"uv": [60, 42], "uv_size": [12, 17]},
								"down": {"uv": [54, 77], "uv_size": [12, -17]}
							}
						},
						{
							"origin": [0, 22.03983, -4.45296],
							"size": [0, 6, 9],
							"uv": {
								"north": {"uv": [0, 0], "uv_size": [0, 6]},
								"east": {"uv": [90, 6], "uv_size": [9, 6]},
								"south": {"uv": [0, 0], "uv_size": [0, 6]},
								"west": {"uv": [16, 90], "uv_size": [9, 6]},
								"up": {"uv": [0, 0], "uv_size": [0, 9]},
								"down": {"uv": [0, 9], "uv_size": [0, -9]}
							}
						},
						{
							"origin": [-5, 12.03983, 4.54704],
							"size": [10, 9, 14],
							"uv": {
								"north": {"uv": [80, 6], "uv_size": [10, 9]},
								"east": {"uv": [20, 72], "uv_size": [14, 9]},
								"south": {"uv": [20, 81], "uv_size": [10, 9]},
								"west": {"uv": [72, 42], "uv_size": [14, 9]},
								"up": {"uv": [0, 72], "uv_size": [10, 14]},
								"down": {"uv": [10, 86], "uv_size": [10, -14]}
							}
						},
						{
							"origin": [0, 21.03983, 2.54704],
							"size": [0, 6, 9],
							"uv": {
								"north": {"uv": [0, 0], "uv_size": [0, 6]},
								"east": {"uv": [90, 57], "uv_size": [9, 6]},
								"south": {"uv": [0, 0], "uv_size": [0, 6]},
								"west": {"uv": [90, 63], "uv_size": [9, 6]},
								"up": {"uv": [0, 0], "uv_size": [0, 9]},
								"down": {"uv": [0, 9], "uv_size": [0, -9]}
							}
						},
						{
							"origin": [0, 21.03983, 10.54704],
							"size": [0, 6, 9],
							"uv": {
								"north": {"uv": [0, 0], "uv_size": [0, 6]},
								"east": {"uv": [91, 69], "uv_size": [9, 6]},
								"south": {"uv": [0, 0], "uv_size": [0, 6]},
								"west": {"uv": [92, 51], "uv_size": [9, 6]},
								"up": {"uv": [0, 0], "uv_size": [0, 9]},
								"down": {"uv": [0, 9], "uv_size": [0, -9]}
							}
						}
					]
				},
				{
					"name": "neck",
					"parent": "body",
					"pivot": [0.00625, 16.76077, -11.17227],
					"cubes": [
						{
							"origin": [-3.75, 14.53983, -13.45296],
							"size": [7.5, 12, 7],
							"uv": {
								"north": {"uv": [30, 81], "uv_size": [7.5, 12]},
								"east": {"uv": [46, 82], "uv_size": [7, 12]},
								"south": {"uv": [38, 82], "uv_size": [7.5, 12]},
								"west": {"uv": [83, 57], "uv_size": [7, 12]},
								"up": {"uv": [0, 93], "uv_size": [7.5, 7]},
								"down": {"uv": [93, 19], "uv_size": [7.5, -7]}
							}
						},
						{
							"origin": [0, 18.45296, -6.96017],
							"size": [0, 9, 6],
							"uv": {
								"north": {"uv": [0, 0], "uv_size": [0, 9]},
								"east": {"uv": [34, 72], "uv_size": [6, 9]},
								"south": {"uv": [0, 0], "uv_size": [0, 9]},
								"west": {"uv": [77, 92], "uv_size": [6, 9]},
								"up": {"uv": [0, 0], "uv_size": [0, 6]},
								"down": {"uv": [0, 6], "uv_size": [0, -6]}
							}
						}
					]
				},
				{
					"name": "neck3",
					"parent": "neck",
					"pivot": [-0.25, 25.99693, -12.50322],
					"cubes": [
						{
							"origin": [-3, 25.08729, -11.40059],
							"size": [6, 8, 6],
							"pivot": [0, 29.08729, -8.40059],
							"rotation": [-22.5, 0, 0],
							"uv": {
								"north": {"uv": [93, 40], "uv_size": [6, 8]},
								"east": {"uv": [93, 85], "uv_size": [6, 8]},
								"south": {"uv": [93, 93], "uv_size": [6, 8]},
								"west": {"uv": [33, 94], "uv_size": [6, 8]},
								"up": {"uv": [100, 76], "uv_size": [6, 6]},
								"down": {"uv": [101, 16], "uv_size": [6, -6]}
							}
						},
						{
							"origin": [0, 22.82925, -6.04866],
							"size": [0, 8, 5],
							"pivot": [0, 26.32925, -3.04866],
							"rotation": [-22.5, 0, 0],
							"uv": {
								"north": {"uv": [0, 0], "uv_size": [0, 8]},
								"east": {"uv": [99, 83], "uv_size": [5, 8]},
								"south": {"uv": [0, 0], "uv_size": [0, 8]},
								"west": {"uv": [99, 91], "uv_size": [5, 8]},
								"up": {"uv": [0, 0], "uv_size": [0, 5]},
								"down": {"uv": [0, 5], "uv_size": [0, -5]}
							}
						}
					]
				},
				{
					"name": "neck4",
					"parent": "neck3",
					"pivot": [0, 31.63476, -4.34822],
					"cubes": [
						{
							"origin": [-2.5, 31.63476, -10.09822],
							"size": [5, 7, 6],
							"uv": {
								"north": {"uv": [80, 101], "uv_size": [5, 7]},
								"east": {"uv": [83, 94], "uv_size": [6, 7]},
								"south": {"uv": [85, 101], "uv_size": [5, 7]},
								"west": {"uv": [8, 95], "uv_size": [6, 7]},
								"up": {"uv": [65, 102], "uv_size": [5, 6]},
								"down": {"uv": [70, 108], "uv_size": [5, -6]}
							}
						},
						{
							"origin": [0, 30.82925, -5.04866],
							"size": [0, 8, 5],
							"uv": {
								"north": {"uv": [0, 0], "uv_size": [0, 8]},
								"east": {"uv": [99, 99], "uv_size": [5, 8]},
								"south": {"uv": [0, 0], "uv_size": [0, 8]},
								"west": {"uv": [0, 100], "uv_size": [5, 8]},
								"up": {"uv": [0, 0], "uv_size": [0, 5]},
								"down": {"uv": [0, 5], "uv_size": [0, -5]}
							}
						}
					]
				},
				{
					"name": "neck2",
					"parent": "neck4",
					"pivot": [0.025, 38.78121, -4.23731],
					"cubes": [
						{
							"origin": [-2.625, 37.01344, -9.02513],
							"size": [5.25, 5, 6],
							"pivot": [-1.125, 36.51344, -5.52513],
							"rotation": [45, 0, 0],
							"uv": {
								"north": {"uv": [106, 76], "uv_size": [5.5, 5]},
								"east": {"uv": [80, 15], "uv_size": [6, 5]},
								"south": {"uv": [104, 106], "uv_size": [5.5, 5]},
								"west": {"uv": [104, 36], "uv_size": [6, 5]},
								"up": {"uv": [101, 51], "uv_size": [5.5, 6]},
								"down": {"uv": [90, 107], "uv_size": [5.5, -6]}
							}
						},
						{
							"origin": [-0.375, 32.88171, 2],
							"size": [0, 8, 5],
							"pivot": [2.625, 28.38171, -8],
							"rotation": [45, 0, 0],
							"uv": {
								"north": {"uv": [0, 0], "uv_size": [0, 8]},
								"east": {"uv": [100, 0], "uv_size": [5, 8]},
								"south": {"uv": [0, 0], "uv_size": [0, 8]},
								"west": {"uv": [24, 100], "uv_size": [5, 8]},
								"up": {"uv": [0, 0], "uv_size": [0, 5]},
								"down": {"uv": [0, 5], "uv_size": [0, -5]}
							}
						}
					]
				},
				{
					"name": "h_head",
					"parent": "neck2",
					"pivot": [0, 39.65763, -8.11359],
					"cubes": [
						{
							"origin": [-8.68571, 38.48223, -8.49863],
							"size": [6, 2, 0],
							"uv": {
								"north": {"uv": [116, 95], "uv_size": [-7, -3]},
								"east": {"uv": [3, 0], "uv_size": [-3, 0]},
								"south": {"uv": [62, 109], "uv_size": [-7, 3]},
								"west": {"uv": [3, 0], "uv_size": [-3, 0]},
								"up": {"uv": [7, 0], "uv_size": [-7, 0]},
								"down": {"uv": [7, 0], "uv_size": [-7, 0]}
							}
						},
						{
							"origin": [-8.68571, 36.48223, -9.49863],
							"size": [6, 2, 0],
							"uv": {
								"north": {"uv": [116, 95], "uv_size": [-7, -3]},
								"east": {"uv": [3, 0], "uv_size": [-3, 0]},
								"south": {"uv": [62, 109], "uv_size": [-7, 3]},
								"west": {"uv": [3, 0], "uv_size": [-3, 0]},
								"up": {"uv": [7, 0], "uv_size": [-7, 0]},
								"down": {"uv": [7, 0], "uv_size": [-7, 0]}
							}
						},
						{
							"origin": [2.68571, 36.48223, -9.49863],
							"size": [6, 2, 0],
							"uv": {
								"north": {"uv": [109, 95], "uv_size": [7, -3]},
								"east": {"uv": [3, 0], "uv_size": [-3, 0]},
								"south": {"uv": [55, 109], "uv_size": [7, 3]},
								"west": {"uv": [3, 0], "uv_size": [-3, 0]},
								"up": {"uv": [0, 0], "uv_size": [7, 0]},
								"down": {"uv": [0, 0], "uv_size": [7, 0]}
							}
						},
						{
							"origin": [2.68571, 38.48223, -8.49863],
							"size": [6, 2, 0],
							"uv": {
								"north": {"uv": [109, 95], "uv_size": [7, -3]},
								"east": {"uv": [3, 0], "uv_size": [-3, 0]},
								"south": {"uv": [55, 109], "uv_size": [7, 3]},
								"west": {"uv": [3, 0], "uv_size": [-3, 0]},
								"up": {"uv": [0, 0], "uv_size": [7, 0]},
								"down": {"uv": [0, 0], "uv_size": [7, 0]}
							}
						},
						{
							"origin": [-3.15, 37.13405, -8.65594],
							"size": [6, 6, 1],
							"uv": {
								"north": {"uv": [101, 16], "uv_size": [6, 6]},
								"east": {"uv": [98, 101], "uv_size": [1, 6]},
								"south": {"uv": [101, 22], "uv_size": [6, 6]},
								"west": {"uv": [69, 120], "uv_size": [1, 6]},
								"up": {"uv": [60, 59], "uv_size": [6, 1]},
								"down": {"uv": [93, 49], "uv_size": [6, -1]}
							}
						},
						{
							"origin": [-3, 37.92766, -13.46751],
							"size": [6, 4.5, 5],
							"uv": {
								"north": {"uv": [107, 10], "uv_size": [6, 4.5]},
								"east": {"uv": [6, 108], "uv_size": [5, 4.5]},
								"south": {"uv": [107, 15], "uv_size": [6, 4.5]},
								"west": {"uv": [29, 108], "uv_size": [5, 4.5]},
								"up": {"uv": [104, 41], "uv_size": [6, 5]},
								"down": {"uv": [104, 62], "uv_size": [6, -5]}
							}
						},
						{
							"origin": [-2.5, 37.96268, -17.03249],
							"size": [5, 2.5, 4],
							"uv": {
								"north": {"uv": [116, 92], "uv_size": [5, 2.5]},
								"east": {"uv": [35, 102], "uv_size": [4, 2.5]},
								"south": {"uv": [117, 19], "uv_size": [5, 2.5]},
								"west": {"uv": [27, 119], "uv_size": [4, 2.5]},
								"up": {"uv": [109, 101], "uv_size": [5, 4]},
								"down": {"uv": [110, 4], "uv_size": [5, -4]}
							}
						},
						{
							"origin": [-2.5, 37.96268, -20.03249],
							"size": [5, 3.5, 3],
							"uv": {
								"north": {"uv": [59, 112], "uv_size": [5, 3.5]},
								"east": {"uv": [46, 118], "uv_size": [3, 3.5]},
								"south": {"uv": [112, 75], "uv_size": [5, 3.5]},
								"west": {"uv": [93, 118], "uv_size": [3, 3.5]},
								"up": {"uv": [25, 90], "uv_size": [5, 3]},
								"down": {"uv": [113, 19], "uv_size": [5, -3]}
							}
						},
						{
							"origin": [-1, 39.96268, -17.03249],
							"size": [2, 1.5, 4],
							"uv": {
								"north": {"uv": [83, 92], "uv_size": [3, 1.5]},
								"east": {"uv": [121, 101], "uv_size": [4, 1.5]},
								"south": {"uv": [5, 100], "uv_size": [3, 1.5]},
								"west": {"uv": [102, 121], "uv_size": [4, 1.5]},
								"up": {"uv": [91, 75], "uv_size": [3, 4]},
								"down": {"uv": [101, 40], "uv_size": [3, -4]}
							}
						},
						{
							"origin": [-3.25, 36.92766, -12.46751],
							"size": [6.5, 2, 4],
							"uv": {
								"north": {"uv": [116, 62], "uv_size": [6.5, 2]},
								"east": {"uv": [29, 100], "uv_size": [4, 2]},
								"south": {"uv": [116, 87], "uv_size": [6.5, 2]},
								"west": {"uv": [79, 121], "uv_size": [4, 2]},
								"up": {"uv": [106, 32], "uv_size": [6.5, 4]},
								"down": {"uv": [107, 55], "uv_size": [6.5, -4]}
							}
						},
						{
							"origin": [-0.75, 41.40763, -20.61359],
							"size": [1.5, 2.5, 1.5],
							"pivot": [0.25, 40.90763, -20.11359],
							"rotation": [-22.5, 0, 0],
							"uv": {
								"north": {"uv": [45.5, 22.5], "uv_size": [2, 3]},
								"east": {"uv": [47.5, 22.5], "uv_size": [2, 3]},
								"south": {"uv": [45.5, 25.5], "uv_size": [2, 3]},
								"west": {"uv": [47.5, 25.5], "uv_size": [2, 3]},
								"up": {"uv": [49.5, 22.5], "uv_size": [2, 2]},
								"down": {"uv": [49.5, 26.5], "uv_size": [2, -2]}
							}
						},
						{
							"origin": [-1, 39.65763, -20.36359],
							"size": [2, 2.5, 2],
							"uv": {
								"north": {"uv": [45.5, 22.5], "uv_size": [2, 3]},
								"east": {"uv": [47.5, 22.5], "uv_size": [2, 3]},
								"south": {"uv": [45.5, 25.5], "uv_size": [2, 3]},
								"west": {"uv": [47.5, 25.5], "uv_size": [2, 3]},
								"up": {"uv": [49.5, 22.5], "uv_size": [2, 2]},
								"down": {"uv": [49.5, 26.5], "uv_size": [2, -2]}
							}
						}
					]
				},
				{
					"name": "horn",
					"parent": "h_head",
					"pivot": [4.42843, 44.63405, -5.74172],
					"rotation": [22.5, 0, 0],
					"cubes": [
						{
							"origin": [1.55711, 43.35299, -13.88889],
							"size": [2, 2, 6],
							"pivot": [2.55711, 44.35299, -11.88889],
							"rotation": [0, 45, 0],
							"uv": {
								"north": {"uv": [99, 10], "uv_size": [2, 2]},
								"east": {"uv": [117, 22], "uv_size": [6, 2]},
								"south": {"uv": [88, 108], "uv_size": [2, 2]},
								"west": {"uv": [117, 64], "uv_size": [6, 2]},
								"up": {"uv": [75, 94], "uv_size": [2, 6]},
								"down": {"uv": [94, 118], "uv_size": [2, -6]}
							}
						},
						{
							"origin": [4.09264, 43.35299, -9.76757],
							"size": [2, 2, 5],
							"inflate": -0.01,
							"uv": {
								"north": {"uv": [88, 110], "uv_size": [2, 2]},
								"east": {"uv": [94, 83], "uv_size": [5, 2]},
								"south": {"uv": [111, 64], "uv_size": [2, 2]},
								"west": {"uv": [119, 60], "uv_size": [5, 2]},
								"up": {"uv": [78, 109], "uv_size": [2, 5]},
								"down": {"uv": [19, 117], "uv_size": [2, -5]}
							}
						},
						{
							"origin": [4.39594, 43.35299, -3.37848],
							"size": [2, 2, 5],
							"pivot": [2.56751, 44.35299, -3.70691],
							"rotation": [0, 45, 0],
							"uv": {
								"north": {"uv": [112, 49], "uv_size": [2, 2]},
								"east": {"uv": [119, 71], "uv_size": [5, 2]},
								"south": {"uv": [112, 79], "uv_size": [2, 2]},
								"west": {"uv": [73, 119], "uv_size": [5, 2]},
								"up": {"uv": [98, 118], "uv_size": [2, 5]},
								"down": {"uv": [9, 124], "uv_size": [2, -5]}
							}
						},
						{
							"origin": [-3.55711, 43.35299, -13.88889],
							"size": [2, 2, 6],
							"pivot": [-2.55711, 44.35299, -11.88889],
							"rotation": [0, -45, 0],
							"uv": {
								"north": {"uv": [101, 112], "uv_size": [2, 2]},
								"east": {"uv": [117, 66], "uv_size": [6, 2]},
								"south": {"uv": [91, 120], "uv_size": [2, 2]},
								"west": {"uv": [117, 75], "uv_size": [6, 2]},
								"up": {"uv": [37, 117], "uv_size": [2, 6]},
								"down": {"uv": [39, 123], "uv_size": [2, -6]}
							}
						},
						{
							"origin": [-6.09264, 43.35299, -9.76757],
							"size": [2, 2, 5],
							"inflate": -0.01,
							"uv": {
								"north": {"uv": [96, 120], "uv_size": [2, 2]},
								"east": {"uv": [119, 73], "uv_size": [5, 2]},
								"south": {"uv": [111, 121], "uv_size": [2, 2]},
								"west": {"uv": [78, 119], "uv_size": [5, 2]},
								"up": {"uv": [119, 79], "uv_size": [2, 5]},
								"down": {"uv": [83, 124], "uv_size": [2, -5]}
							}
						},
						{
							"origin": [-6.39594, 43.35299, -3.37848],
							"size": [2, 2, 5],
							"pivot": [-2.56751, 44.35299, -3.70691],
							"rotation": [0, -45, 0],
							"uv": {
								"north": {"uv": [113, 121], "uv_size": [2, 2]},
								"east": {"uv": [119, 89], "uv_size": [5, 2]},
								"south": {"uv": [115, 121], "uv_size": [2, 2]},
								"west": {"uv": [119, 99], "uv_size": [5, 2]},
								"up": {"uv": [100, 119], "uv_size": [2, 5]},
								"down": {"uv": [119, 106], "uv_size": [2, -5]}
							}
						}
					]
				},
				{
					"name": "jaw",
					"parent": "h_head",
					"pivot": [0, 38.15156, -12.18843],
					"cubes": [
						{
							"origin": [-2.5, 36.96268, -17.03249],
							"size": [5, 1, 5],
							"uv": {
								"north": {"uv": [33, 93], "uv_size": [5, 1]},
								"east": {"uv": [110, 45], "uv_size": [5, 1]},
								"south": {"uv": [121, 103], "uv_size": [5, 1]},
								"west": {"uv": [121, 104], "uv_size": [5, 1]},
								"up": {"uv": [90, 107], "uv_size": [5, 5]},
								"down": {"uv": [98, 112], "uv_size": [5, -5]}
							}
						},
						{
							"origin": [-2.5, 36.96268, -19.03249],
							"size": [5, 1, 2],
							"uv": {
								"north": {"uv": [121, 105], "uv_size": [5, 1]},
								"east": {"uv": [100, 82], "uv_size": [3, 1]},
								"south": {"uv": [106, 121], "uv_size": [5, 1]},
								"west": {"uv": [89, 100], "uv_size": [3, 1]},
								"up": {"uv": [113, 33], "uv_size": [5, 3]},
								"down": {"uv": [113, 114], "uv_size": [5, -3]}
							}
						}
					]
				},
				{
					"name": "tail",
					"parent": "body",
					"pivot": [0.00006, 16.39883, 18.59839],
					"cubes": [
						{
							"origin": [-3.25, 13.03983, 18.54704],
							"size": [6.5, 7, 9],
							"uv": {
								"north": {"uv": [55, 94], "uv_size": [6.5, 7]},
								"east": {"uv": [77, 85], "uv_size": [9, 7]},
								"south": {"uv": [62, 94], "uv_size": [6.5, 7]},
								"west": {"uv": [0, 86], "uv_size": [9, 7]},
								"up": {"uv": [9, 86], "uv_size": [6.5, 9]},
								"down": {"uv": [86, 24], "uv_size": [6.5, -9]}
							}
						},
						{
							"origin": [0, 20.03983, 18.54704],
							"size": [0, 5, 8],
							"uv": {
								"north": {"uv": [0, 0], "uv_size": [0, 5]},
								"east": {"uv": [39, 100], "uv_size": [8, 5]},
								"south": {"uv": [0, 0], "uv_size": [0, 5]},
								"west": {"uv": [47, 100], "uv_size": [8, 5]},
								"up": {"uv": [0, 0], "uv_size": [0, 8]},
								"down": {"uv": [0, 8], "uv_size": [0, -8]}
							}
						}
					]
				},
				{
					"name": "bone",
					"parent": "tail",
					"pivot": [0.00007, 16.48473, 27.52853],
					"cubes": [
						{
							"origin": [-2.75, 13.53983, 27.54704],
							"size": [5.5, 6, 8],
							"uv": {
								"north": {"uv": [5, 102], "uv_size": [5.5, 6]},
								"east": {"uv": [39, 94], "uv_size": [8, 6]},
								"south": {"uv": [29, 102], "uv_size": [5.5, 6]},
								"west": {"uv": [47, 94], "uv_size": [8, 6]},
								"up": {"uv": [69, 94], "uv_size": [5.5, 8]},
								"down": {"uv": [94, 83], "uv_size": [5.5, -8]}
							}
						},
						{
							"origin": [0, 19.53983, 26.54704],
							"size": [0, 5, 8],
							"uv": {
								"north": {"uv": [0, 0], "uv_size": [0, 5]},
								"east": {"uv": [100, 66], "uv_size": [8, 5]},
								"south": {"uv": [0, 0], "uv_size": [0, 5]},
								"west": {"uv": [100, 71], "uv_size": [8, 5]},
								"up": {"uv": [0, 0], "uv_size": [0, 8]},
								"down": {"uv": [0, 8], "uv_size": [0, -8]}
							}
						}
					]
				},
				{
					"name": "bone2",
					"parent": "bone",
					"pivot": [0, 16.83983, 35.44704],
					"cubes": [
						{
							"origin": [-2.25, 14.03983, 35.54704],
							"size": [4.5, 5, 6],
							"uv": {
								"north": {"uv": [65, 108], "uv_size": [4.5, 5]},
								"east": {"uv": [104, 82], "uv_size": [6, 5]},
								"south": {"uv": [108, 66], "uv_size": [4.5, 5]},
								"west": {"uv": [104, 87], "uv_size": [6, 5]},
								"up": {"uv": [50, 105], "uv_size": [4.5, 6]},
								"down": {"uv": [107, 26], "uv_size": [4.5, -6]}
							}
						},
						{
							"origin": [0, 19.03983, 34.54704],
							"size": [0, 4, 7],
							"uv": {
								"north": {"uv": [0, 0], "uv_size": [0, 4]},
								"east": {"uv": [104, 62], "uv_size": [7, 4]},
								"south": {"uv": [0, 0], "uv_size": [0, 4]},
								"west": {"uv": [106, 28], "uv_size": [7, 4]},
								"up": {"uv": [0, 0], "uv_size": [0, 7]},
								"down": {"uv": [0, 7], "uv_size": [0, -7]}
							}
						}
					]
				},
				{
					"name": "bone3",
					"parent": "bone2",
					"pivot": [0, 16.16483, 41.54704],
					"cubes": [
						{
							"origin": [-1.75, 14.53983, 41.54704],
							"size": [3.5, 4, 6],
							"uv": {
								"north": {"uv": [16, 86], "uv_size": [3.5, 4]},
								"east": {"uv": [0, 108], "uv_size": [6, 4]},
								"south": {"uv": [73, 115], "uv_size": [3.5, 4]},
								"west": {"uv": [23, 108], "uv_size": [6, 4]},
								"up": {"uv": [74, 109], "uv_size": [3.5, 6]},
								"down": {"uv": [109, 101], "uv_size": [3.5, -6]}
							}
						},
						{
							"origin": [0, 18.53983, 40.54704],
							"size": [0, 3, 6],
							"uv": {
								"north": {"uv": [0, 0], "uv_size": [0, 3]},
								"east": {"uv": [110, 4], "uv_size": [6, 3]},
								"south": {"uv": [0, 0], "uv_size": [0, 3]},
								"west": {"uv": [110, 42], "uv_size": [6, 3]},
								"up": {"uv": [0, 0], "uv_size": [0, 6]},
								"down": {"uv": [0, 6], "uv_size": [0, -6]}
							}
						}
					]
				},
				{
					"name": "bone5",
					"parent": "bone3",
					"pivot": [0, 16.28983, 47.54704],
					"cubes": [
						{
							"origin": [-1.25, 15.03983, 47.54704],
							"size": [2.5, 3, 5],
							"uv": {
								"north": {"uv": [121, 81], "uv_size": [2.5, 3]},
								"east": {"uv": [114, 36], "uv_size": [5, 3]},
								"south": {"uv": [121, 92], "uv_size": [2.5, 3]},
								"west": {"uv": [114, 39], "uv_size": [5, 3]},
								"up": {"uv": [117, 28], "uv_size": [2.5, 5]},
								"down": {"uv": [34, 122], "uv_size": [2.5, -5]}
							}
						},
						{
							"origin": [0, 18.03983, 46.54704],
							"size": [0, 3, 6],
							"uv": {
								"north": {"uv": [0, 0], "uv_size": [0, 3]},
								"east": {"uv": [110, 57], "uv_size": [6, 3]},
								"south": {"uv": [0, 0], "uv_size": [0, 3]},
								"west": {"uv": [110, 87], "uv_size": [6, 3]},
								"up": {"uv": [0, 0], "uv_size": [0, 6]},
								"down": {"uv": [0, 6], "uv_size": [0, -6]}
							}
						}
					]
				},
				{
					"name": "bone4",
					"parent": "bone5",
					"pivot": [0, 16.28983, 52.54704],
					"cubes": [
						{
							"origin": [-0.75, 15.53983, 52.54704],
							"size": [1.5, 2, 19],
							"uv": {
								"north": {"uv": [83, 124], "uv_size": [1.5, 2]},
								"east": {"uv": [93, 49], "uv_size": [19, 2]},
								"south": {"uv": [124, 88], "uv_size": [1.5, 2]},
								"west": {"uv": [99, 8], "uv_size": [19, 2]},
								"up": {"uv": [96, 101], "uv_size": [1.5, 19]},
								"down": {"uv": [21, 124], "uv_size": [1.5, -19]}
							}
						},
						{
							"origin": [0, 17.53983, 52.54704],
							"size": [0, 3, 5],
							"uv": {
								"north": {"uv": [0, 0], "uv_size": [0, 3]},
								"east": {"uv": [114, 49], "uv_size": [5, 3]},
								"south": {"uv": [0, 0], "uv_size": [0, 3]},
								"west": {"uv": [114, 52], "uv_size": [5, 3]},
								"up": {"uv": [0, 0], "uv_size": [0, 5]},
								"down": {"uv": [0, 5], "uv_size": [0, -5]}
							}
						},
						{
							"origin": [0, 17.53983, 56.54704],
							"size": [0, 3, 5],
							"uv": {
								"north": {"uv": [0, 0], "uv_size": [0, 3]},
								"east": {"uv": [68, 114], "uv_size": [5, 3]},
								"south": {"uv": [0, 0], "uv_size": [0, 3]},
								"west": {"uv": [78, 114], "uv_size": [5, 3]},
								"up": {"uv": [0, 0], "uv_size": [0, 5]},
								"down": {"uv": [0, 5], "uv_size": [0, -5]}
							}
						}
					]
				},
				{
					"name": "bone6",
					"parent": "bone4",
					"pivot": [-1.75, 33.53983, 60.54704],
					"cubes": [
						{
							"origin": [-7, 16.53983, 53.54704],
							"size": [14, 0, 22],
							"uv": {
								"north": {"uv": [0, 0], "uv_size": [14, 0]},
								"east": {"uv": [0, 0], "uv_size": [22, 0]},
								"south": {"uv": [0, 0], "uv_size": [14, 0]},
								"west": {"uv": [0, 0], "uv_size": [22, 0]},
								"up": {"uv": [60, 20], "uv_size": [14, 22]},
								"down": {"uv": [40, 82], "uv_size": [14, -22]}
							}
						}
					]
				},
				{
					"name": "rightwing",
					"parent": "body",
					"pivot": [4, 21.78983, -2.45296],
					"cubes": [
						{
							"origin": [3, 20.03983, -3.95296],
							"size": [5, 3, 3],
							"uv": {
								"north": {"uv": [114, 79], "uv_size": [5, 3]},
								"east": {"uv": [90, 12], "uv_size": [3, 3]},
								"south": {"uv": [114, 82], "uv_size": [5, 3]},
								"west": {"uv": [11, 102], "uv_size": [3, 3]},
								"up": {"uv": [83, 114], "uv_size": [5, 3]},
								"down": {"uv": [114, 103], "uv_size": [5, -3]}
							}
						},
						{
							"origin": [8, 20.53983, -3.45296],
							"size": [11, 2, 2],
							"uv": {
								"north": {"uv": [72, 57], "uv_size": [11, 2]},
								"east": {"uv": [117, 121], "uv_size": [2, 2]},
								"south": {"uv": [74, 40], "uv_size": [11, 2]},
								"west": {"uv": [121, 117], "uv_size": [2, 2]},
								"up": {"uv": [54, 77], "uv_size": [11, 2]},
								"down": {"uv": [104, 48], "uv_size": [11, -2]}
							}
						},
						{
							"origin": [17.2981, 20.78983, -5.56172],
							"size": [8, 1.5, 1.5],
							"pivot": [21.2981, 21.53983, -4.81172],
							"rotation": [0, 45, 0],
							"uv": {
								"north": {"uv": [77, 117], "uv_size": [8, 1.5]},
								"east": {"uv": [124, 92], "uv_size": [1.5, 1.5]},
								"south": {"uv": [117, 77], "uv_size": [8, 1.5]},
								"west": {"uv": [95, 124], "uv_size": [1.5, 1.5]},
								"up": {"uv": [117, 95], "uv_size": [8, 1.5]},
								"down": {"uv": [117, 98.5], "uv_size": [8, -1.5]}
							}
						},
						{
							"origin": [4, 21.43983, -9.45296],
							"size": [20, 0.1, 20],
							"uv": {
								"north": {"uv": [115, 47], "uv_size": [20, 0.5]},
								"east": {"uv": [116, 44], "uv_size": [20, 0.5]},
								"south": {"uv": [117, 68], "uv_size": [20, 0.5]},
								"west": {"uv": [118, 18], "uv_size": [10, 0.5]},
								"up": {"uv": [40, 0], "uv_size": [20, 20]},
								"down": {"uv": [60, 60], "uv_size": [-20, -20]}
							}
						},
						{
							"origin": [4, 21.43983, 10.54704],
							"size": [20, 0.1, 6],
							"uv": {
								"north": {"uv": [119, 41], "uv_size": [20, 0.5]},
								"east": {"uv": [122, 119], "uv_size": [6, 0.5]},
								"south": {"uv": [119, 84], "uv_size": [20, 0.5]},
								"west": {"uv": [123, 23], "uv_size": [5, 0.5]},
								"up": {"uv": [72, 51], "uv_size": [20, 6]},
								"down": {"uv": [54, 85], "uv_size": [20, -6]}
							}
						}
					]
				},
				{
					"name": "lowerrightwing",
					"parent": "rightwing",
					"pivot": [23.9069, 21.53983, -7.10986],
					"cubes": [
						{
							"origin": [23.15685, 20.78983, -15.10982],
							"size": [1.5, 1.5, 8],
							"uv": {
								"north": {"uv": [124, 99], "uv_size": [1.5, 1.5]},
								"east": {"uv": [113, 117], "uv_size": [8, 1.5]},
								"south": {"uv": [100, 124], "uv_size": [1.5, 1.5]},
								"west": {"uv": [118, 8], "uv_size": [8, 1.5]},
								"up": {"uv": [50, 117], "uv_size": [1.5, 8]},
								"down": {"uv": [52, 125], "uv_size": [1.5, -8]}
							}
						},
						{
							"origin": [21.65685, 20.78983, -10.60982],
							"size": [9, 1.5, 1.5],
							"pivot": [33.97086, 21.41483, -6.40461],
							"rotation": [0, -22.5, 0],
							"uv": {
								"north": {"uv": [110, 90], "uv_size": [9, 1.5]},
								"east": {"uv": [0, 125], "uv_size": [1.5, 1.5]},
								"south": {"uv": [112, 24], "uv_size": [9, 1.5]},
								"west": {"uv": [6, 125], "uv_size": [1.5, 1.5]},
								"up": {"uv": [113, 69], "uv_size": [9, 1.5]},
								"down": {"uv": [114, 86.5], "uv_size": [9, -1.5]}
							}
						},
						{
							"origin": [39.00416, 20.78983, -5.05034],
							"size": [1, 1, 8],
							"pivot": [39.25416, 21.53983, -1.05034],
							"rotation": [0, 22.5, 0],
							"uv": {
								"north": {"uv": [65, 77], "uv_size": [1, 1]},
								"east": {"uv": [83, 78], "uv_size": [8, 1]},
								"south": {"uv": [65, 78], "uv_size": [1, 1]},
								"west": {"uv": [121, 25], "uv_size": [7, 1]},
								"up": {"uv": [20, 117], "uv_size": [1, 8]},
								"down": {"uv": [33, 126], "uv_size": [1, -8]}
							}
						},
						{
							"origin": [29.08425, 20.78983, -8.57807],
							"size": [9, 1, 1],
							"pivot": [33.97086, 21.41483, -6.40461],
							"rotation": [0, -45, 0],
							"uv": {
								"north": {"uv": [120, 6], "uv_size": [8, 1]},
								"east": {"uv": [38, 81], "uv_size": [1, 1]},
								"south": {"uv": [120, 13], "uv_size": [8, 1]},
								"west": {"uv": [39, 81], "uv_size": [1, 1]},
								"up": {"uv": [120, 31], "uv_size": [8, 1]},
								"down": {"uv": [120, 33], "uv_size": [8, -1]}
							}
						},
						{
							"origin": [24, 21.43983, -19.45296],
							"size": [20, 0.1, 36],
							"uv": {
								"north": {"uv": [119, 91], "uv_size": [20, 0.5]},
								"east": {"uv": [104, 48], "uv_size": [36, 0.5]},
								"south": {"uv": [102, 119], "uv_size": [20, 0.5]},
								"west": {"uv": [105, 7], "uv_size": [23, 0.5]},
								"up": {"uv": [0, 0], "uv_size": [20, 36]},
								"down": {"uv": [20, 36], "uv_size": [20, -36]}
							}
						},
						{
							"origin": [17.65685, 21.28983, -21.10982],
							"size": [8, 0, 9],
							"uv": {
								"north": {"uv": [0, 0], "uv_size": [8, 0]},
								"east": {"uv": [0, 0], "uv_size": [9, 0]},
								"south": {"uv": [0, 0], "uv_size": [8, 0]},
								"west": {"uv": [0, 0], "uv_size": [9, 0]},
								"up": {"uv": [83, 69], "uv_size": [8, 9]},
								"down": {"uv": [53, 94], "uv_size": [8, -9]}
							}
						}
					]
				},
				{
					"name": "leftwing",
					"parent": "body",
					"pivot": [-4, 21.78983, -2.45296],
					"cubes": [
						{
							"origin": [-8, 20.03983, -3.95296],
							"size": [5, 3, 3],
							"uv": {
								"north": {"uv": [114, 103], "uv_size": [5, 3]},
								"east": {"uv": [62, 109], "uv_size": [3, 3]},
								"south": {"uv": [114, 106], "uv_size": [5, 3]},
								"west": {"uv": [63, 120], "uv_size": [3, 3]},
								"up": {"uv": [113, 114], "uv_size": [5, 3]},
								"down": {"uv": [115, 3], "uv_size": [5, -3]}
							}
						},
						{
							"origin": [-19, 20.53983, -3.45296],
							"size": [11, 2, 2],
							"uv": {
								"north": {"uv": [107, 26], "uv_size": [11, 2]},
								"east": {"uv": [119, 121], "uv_size": [2, 2]},
								"south": {"uv": [107, 55], "uv_size": [11, 2]},
								"west": {"uv": [121, 121], "uv_size": [2, 2]},
								"up": {"uv": [108, 71], "uv_size": [11, 2]},
								"down": {"uv": [108, 75], "uv_size": [11, -2]}
							}
						},
						{
							"origin": [-24, 21.53983, -9.45296],
							"size": [20, 0, 20],
							"uv": {
								"north": {"uv": [0, 0], "uv_size": [20, 0]},
								"east": {"uv": [0, 0], "uv_size": [20, 0]},
								"south": {"uv": [0, 0], "uv_size": [20, 0]},
								"west": {"uv": [0, 0], "uv_size": [20, 0]},
								"up": {"uv": [40, 40], "uv_size": [20, 20]},
								"down": {"uv": [40, 60], "uv_size": [20, -20]}
							}
						},
						{
							"origin": [-24, 21.53983, 10.54704],
							"size": [20, 0, 6],
							"uv": {
								"north": {"uv": [0, 0], "uv_size": [20, 0]},
								"east": {"uv": [0, 0], "uv_size": [6, 0]},
								"south": {"uv": [0, 0], "uv_size": [20, 0]},
								"west": {"uv": [0, 0], "uv_size": [6, 0]},
								"up": {"uv": [74, 79], "uv_size": [20, 6]},
								"down": {"uv": [80, 6], "uv_size": [20, -6]}
							}
						},
						{
							"origin": [-25.2981, 20.78983, -5.56172],
							"size": [8, 1.5, 1.5],
							"pivot": [-21.2981, 21.53983, -4.81172],
							"rotation": [0, -45, 0],
							"uv": {
								"north": {"uv": [118, 16], "uv_size": [8, 1.5]},
								"east": {"uv": [14, 125], "uv_size": [1.5, 1.5]},
								"south": {"uv": [118, 26], "uv_size": [8, 1.5]},
								"west": {"uv": [125, 14], "uv_size": [1.5, 1.5]},
								"up": {"uv": [118, 33], "uv_size": [8, 1.5]},
								"down": {"uv": [118, 56.5], "uv_size": [8, -1.5]}
							}
						}
					]
				},
				{
					"name": "lowerleftwing",
					"parent": "leftwing",
					"pivot": [-23.5931, 21.53983, -7.10986],
					"cubes": [
						{
							"origin": [-24.65685, 20.78983, -15.10982],
							"size": [1.5, 1.5, 8],
							"uv": {
								"north": {"uv": [19, 125], "uv_size": [1.5, 1.5]},
								"east": {"uv": [63, 118], "uv_size": [8, 1.5]},
								"south": {"uv": [125, 19], "uv_size": [1.5, 1.5]},
								"west": {"uv": [85, 118], "uv_size": [8, 1.5]},
								"up": {"uv": [71, 117], "uv_size": [1.5, 8]},
								"down": {"uv": [31, 126], "uv_size": [1.5, -8]}
							}
						},
						{
							"origin": [-25.65685, 21.28983, -21.10982],
							"size": [8, 0, 9],
							"uv": {
								"north": {"uv": [0, 0], "uv_size": [8, 0]},
								"east": {"uv": [0, 0], "uv_size": [9, 0]},
								"south": {"uv": [0, 0], "uv_size": [8, 0]},
								"west": {"uv": [0, 0], "uv_size": [9, 0]},
								"up": {"uv": [61, 85], "uv_size": [8, 9]},
								"down": {"uv": [69, 94], "uv_size": [8, -9]}
							}
						},
						{
							"origin": [-30.65685, 20.78983, -10.60982],
							"size": [9, 1.5, 1.5],
							"pivot": [-33.97086, 21.41483, -6.40461],
							"rotation": [0, 22.5, 0],
							"uv": {
								"north": {"uv": [114, 109], "uv_size": [9, 1.5]},
								"east": {"uv": [23, 125], "uv_size": [1.5, 1.5]},
								"south": {"uv": [115, 45], "uv_size": [9, 1.5]},
								"west": {"uv": [25, 125], "uv_size": [1.5, 1.5]},
								"up": {"uv": [116, 14], "uv_size": [9, 1.5]},
								"down": {"uv": [116, 43.5], "uv_size": [9, -1.5]}
							}
						},
						{
							"origin": [-44, 21.53983, -19.45296],
							"size": [20, 0, 36],
							"uv": {
								"north": {"uv": [0, 0], "uv_size": [20, 0]},
								"east": {"uv": [0, 0], "uv_size": [36, 0]},
								"south": {"uv": [0, 0], "uv_size": [20, 0]},
								"west": {"uv": [0, 0], "uv_size": [36, 0]},
								"up": {"uv": [0, 36], "uv_size": [20, 36]},
								"down": {"uv": [20, 72], "uv_size": [20, -36]}
							}
						},
						{
							"origin": [-38.08425, 20.78983, -8.57807],
							"size": [9, 1, 1],
							"pivot": [-33.97086, 21.41483, -6.40461],
							"rotation": [0, 45, 0],
							"uv": {
								"north": {"uv": [102, 120], "uv_size": [9, 1]},
								"east": {"uv": [53, 82], "uv_size": [1, 1]},
								"south": {"uv": [111, 120], "uv_size": [9, 1]},
								"west": {"uv": [53, 83], "uv_size": [1, 1]},
								"up": {"uv": [120, 120], "uv_size": [8, 1]},
								"down": {"uv": [121, 25], "uv_size": [7, -1]}
							}
						},
						{
							"origin": [-40.00416, 20.78983, -5.05034],
							"size": [1, 1, 8],
							"pivot": [-39.25416, 21.53983, -1.05034],
							"rotation": [0, -22.5, 0],
							"uv": {
								"north": {"uv": [53, 84], "uv_size": [1, 1]},
								"east": {"uv": [121, 79], "uv_size": [8, 1]},
								"south": {"uv": [85, 40], "uv_size": [1, 1]},
								"west": {"uv": [121, 80], "uv_size": [7, 1]},
								"up": {"uv": [49, 118], "uv_size": [1, 8]},
								"down": {"uv": [45, 128], "uv_size": [1, -8]}
							}
						}
					]
				},
				{
					"name": "legs",
					"parent": "body",
					"pivot": [9, 17.53983, -6.45296]
				},
				{
					"name": "backlegs",
					"parent": "legs",
					"pivot": [0, 16.5, 13.25]
				},
				{
					"name": "backleftleg",
					"parent": "backlegs",
					"pivot": [-6.75, 16.5075, 13.2207],
					"cubes": [
						{
							"origin": [-9.5, 10.78983, 7.04704],
							"size": [4.5, 7.5, 9],
							"pivot": [-6.25, 15.28983, 11.54704],
							"rotation": [45, 0, 0],
							"uv": {
								"north": {"uv": [40, 105], "uv_size": [4.5, 6.5]},
								"east": {"uv": [93, 26], "uv_size": [8, 6.5]},
								"south": {"uv": [45, 105], "uv_size": [4.5, 6.5]},
								"west": {"uv": [93, 33], "uv_size": [8, 6.5]},
								"up": {"uv": [60, 101], "uv_size": [4.5, 8]},
								"down": {"uv": [75, 109], "uv_size": [4.5, -8]}
							}
						}
					]
				},
				{
					"name": "lowerbackleftleg",
					"parent": "backleftleg",
					"pivot": [-7.25, 14.6023, 7.1666],
					"cubes": [
						{
							"origin": [-8.75, 2.53983, 7.79704],
							"size": [3, 5.5, 3],
							"uv": {
								"north": {"uv": [5, 113], "uv_size": [3, 5.5]},
								"east": {"uv": [8, 113], "uv_size": [3, 5.5]},
								"south": {"uv": [113, 10], "uv_size": [3, 5.5]},
								"west": {"uv": [28, 113], "uv_size": [3, 5.5]},
								"up": {"uv": [73, 121], "uv_size": [3, 3]},
								"down": {"uv": [76, 124], "uv_size": [3, -3]}
							}
						},
						{
							"origin": [-9, 8.03983, 7.29704],
							"size": [3.5, 5.5, 4],
							"uv": {
								"north": {"uv": [113, 64], "uv_size": [3.5, 4.5]},
								"east": {"uv": [34, 112], "uv_size": [4, 4.5]},
								"south": {"uv": [113, 95], "uv_size": [3.5, 4.5]},
								"west": {"uv": [38, 112], "uv_size": [4, 4.5]},
								"up": {"uv": [23, 116], "uv_size": [3.5, 4]},
								"down": {"uv": [42, 120], "uv_size": [3.5, -4]}
							}
						}
					]
				},
				{
					"name": "backleftfoot",
					"parent": "lowerbackleftleg",
					"pivot": [-6.96875, 4.41483, 9.22913],
					"cubes": [
						{
							"origin": [-8, 0.03983, 5.29704],
							"size": [1.5, 1.5, 2.5],
							"uv": {
								"north": {"uv": [125, 101], "uv_size": [1.5, 1.5]},
								"east": {"uv": [124, 39], "uv_size": [2.5, 1.5]},
								"south": {"uv": [102, 125], "uv_size": [1.5, 1.5]},
								"west": {"uv": [124, 45], "uv_size": [2.5, 1.5]},
								"up": {"uv": [21, 124], "uv_size": [1.5, 2.5]},
								"down": {"uv": [46, 126.5], "uv_size": [1.5, -2.5]}
							}
						},
						{
							"origin": [-9.5, 0.03983, 5.79704],
							"size": [1.5, 1.5, 2.5],
							"pivot": [-8.75, 0.78983, 7.29704],
							"rotation": [0, 22.5, 0],
							"uv": {
								"north": {"uv": [104, 125], "uv_size": [1.5, 1.5]},
								"east": {"uv": [124, 49], "uv_size": [2.5, 1.5]},
								"south": {"uv": [106, 125], "uv_size": [1.5, 1.5]},
								"west": {"uv": [124, 51], "uv_size": [2.5, 1.5]},
								"up": {"uv": [54, 124], "uv_size": [1.5, 2.5]},
								"down": {"uv": [56, 126.5], "uv_size": [1.5, -2.5]}
							}
						},
						{
							"origin": [-6.5, 0.03983, 5.79704],
							"size": [1.5, 1.5, 2.5],
							"pivot": [-5.75, 0.78983, 7.29704],
							"rotation": [0, -22.5, 0],
							"uv": {
								"north": {"uv": [125, 106], "uv_size": [1.5, 1.5]},
								"east": {"uv": [124, 53], "uv_size": [2.5, 1.5]},
								"south": {"uv": [108, 125], "uv_size": [1.5, 1.5]},
								"west": {"uv": [124, 57], "uv_size": [2.5, 1.5]},
								"up": {"uv": [58, 124], "uv_size": [1.5, 2.5]},
								"down": {"uv": [124, 61.5], "uv_size": [1.5, -2.5]}
							}
						},
						{
							"origin": [-9.5, 0.03983, 7.04704],
							"size": [4.5, 2.5, 4],
							"uv": {
								"north": {"uv": [119, 52], "uv_size": [4.5, 2.5]},
								"east": {"uv": [120, 28], "uv_size": [4, 2.5]},
								"south": {"uv": [119, 57], "uv_size": [4.5, 2.5]},
								"west": {"uv": [41, 120], "uv_size": [4, 2.5]},
								"up": {"uv": [42, 112], "uv_size": [4.5, 4]},
								"down": {"uv": [54, 116], "uv_size": [4.5, -4]}
							}
						},
						{
							"origin": [-4.69762, 0.03983, 3.50637],
							"size": [0, 1.5, 2.5],
							"pivot": [-4.69762, 0.78983, 4.75637],
							"rotation": [0, -22.5, 0],
							"uv": {
								"north": {"uv": [0, 0], "uv_size": [0, 1.5]},
								"east": {"uv": [60, 124], "uv_size": [2.5, 1.5]},
								"south": {"uv": [0, 0], "uv_size": [0, 1.5]},
								"west": {"uv": [124, 71], "uv_size": [2.5, 1.5]},
								"up": {"uv": [0, 0], "uv_size": [0, 2.5]},
								"down": {"uv": [0, 2.5], "uv_size": [0, -2.5]}
							}
						},
						{
							"origin": [-7.25, 0.03983, 2.79704],
							"size": [0, 1.5, 2.5],
							"uv": {
								"north": {"uv": [0, 0], "uv_size": [0, 1.5]},
								"east": {"uv": [73, 124], "uv_size": [2.5, 1.5]},
								"south": {"uv": [0, 0], "uv_size": [0, 1.5]},
								"west": {"uv": [124, 73], "uv_size": [2.5, 1.5]},
								"up": {"uv": [0, 0], "uv_size": [0, 2.5]},
								"down": {"uv": [0, 2.5], "uv_size": [0, -2.5]}
							}
						},
						{
							"origin": [-9.80238, 0.03983, 3.50637],
							"size": [0, 1.5, 2.5],
							"pivot": [-9.80238, 0.78983, 4.75637],
							"rotation": [0, 22.5, 0],
							"uv": {
								"north": {"uv": [0, 0], "uv_size": [0, 1.5]},
								"east": {"uv": [76, 124], "uv_size": [2.5, 1.5]},
								"south": {"uv": [0, 0], "uv_size": [0, 1.5]},
								"west": {"uv": [124, 81], "uv_size": [2.5, 1.5]},
								"up": {"uv": [0, 0], "uv_size": [0, 2.5]},
								"down": {"uv": [0, 2.5], "uv_size": [0, -2.5]}
							}
						}
					]
				},
				{
					"name": "backrightleg",
					"parent": "backlegs",
					"pivot": [6.25, 16.5075, 13.22074],
					"cubes": [
						{
							"origin": [5, 10.78983, 7.04704],
							"size": [4.5, 7.5, 9],
							"pivot": [6.25, 15.28983, 11.54704],
							"rotation": [45, 0, 0],
							"uv": {
								"north": {"uv": [16, 105], "uv_size": [4.5, 6.5]},
								"east": {"uv": [93, 19], "uv_size": [8, 6.5]},
								"south": {"uv": [35, 105], "uv_size": [4.5, 6.5]},
								"west": {"uv": [25, 93], "uv_size": [8, 6.5]},
								"up": {"uv": [101, 28], "uv_size": [4.5, 8]},
								"down": {"uv": [55, 109], "uv_size": [4.5, -8]}
							}
						}
					]
				},
				{
					"name": "lowerbackrightleg",
					"parent": "backrightleg",
					"pivot": [7.25, 14.60233, 7.16663],
					"cubes": [
						{
							"origin": [5.75, 2.53983, 7.79704],
							"size": [3, 5.5, 3],
							"uv": {
								"north": {"uv": [47, 112], "uv_size": [3, 5.5]},
								"east": {"uv": [88, 112], "uv_size": [3, 5.5]},
								"south": {"uv": [91, 112], "uv_size": [3, 5.5]},
								"west": {"uv": [98, 112], "uv_size": [3, 5.5]},
								"up": {"uv": [57, 121], "uv_size": [3, 3]},
								"down": {"uv": [60, 124], "uv_size": [3, -3]}
							}
						},
						{
							"origin": [5.5, 8.03983, 7.29704],
							"size": [3.5, 5.5, 4],
							"uv": {
								"north": {"uv": [113, 28], "uv_size": [3.5, 4.5]},
								"east": {"uv": [11, 112], "uv_size": [4, 4.5]},
								"south": {"uv": [64, 113], "uv_size": [3.5, 4.5]},
								"west": {"uv": [15, 112], "uv_size": [4, 4.5]},
								"up": {"uv": [116, 3], "uv_size": [3.5, 4]},
								"down": {"uv": [116, 14], "uv_size": [3.5, -4]}
							}
						}
					]
				},
				{
					"name": "backrighfootp",
					"parent": "lowerbackrightleg",
					"pivot": [7.25, 4.36126, 9.18371],
					"cubes": [
						{
							"origin": [6.5, 0.03983, 5.29704],
							"size": [1.5, 1.5, 2.5],
							"uv": {
								"north": {"uv": [87, 125], "uv_size": [1.5, 1.5]},
								"east": {"uv": [123, 114], "uv_size": [2.5, 1.5]},
								"south": {"uv": [89, 125], "uv_size": [1.5, 1.5]},
								"west": {"uv": [115, 123], "uv_size": [2.5, 1.5]},
								"up": {"uv": [123, 116], "uv_size": [1.5, 2.5]},
								"down": {"uv": [118, 125.5], "uv_size": [1.5, -2.5]}
							}
						},
						{
							"origin": [7.64664, 0.03983, 5.27059],
							"size": [1.5, 1.5, 2.5],
							"pivot": [7.25, 5.53983, 7.92204],
							"rotation": [0, -22.5, 0],
							"uv": {
								"north": {"uv": [91, 125], "uv_size": [1.5, 1.5]},
								"east": {"uv": [120, 123], "uv_size": [2.5, 1.5]},
								"south": {"uv": [93, 125], "uv_size": [1.5, 1.5]},
								"west": {"uv": [123, 121], "uv_size": [2.5, 1.5]},
								"up": {"uv": [123, 123], "uv_size": [1.5, 2.5]},
								"down": {"uv": [124, 2.5], "uv_size": [1.5, -2.5]}
							}
						},
						{
							"origin": [5.35336, 0.03983, 5.27059],
							"size": [1.5, 1.5, 2.5],
							"pivot": [7.25, 5.53983, 7.92204],
							"rotation": [0, 22.5, 0],
							"uv": {
								"north": {"uv": [125, 94], "uv_size": [1.5, 1.5]},
								"east": {"uv": [3, 124], "uv_size": [2.5, 1.5]},
								"south": {"uv": [125, 96], "uv_size": [1.5, 1.5]},
								"west": {"uv": [124, 3], "uv_size": [2.5, 1.5]},
								"up": {"uv": [9, 124], "uv_size": [1.5, 2.5]},
								"down": {"uv": [124, 12.5], "uv_size": [1.5, -2.5]}
							}
						},
						{
							"origin": [5, 0.03983, 7.04704],
							"size": [4.5, 2.5, 4],
							"uv": {
								"north": {"uv": [119, 38], "uv_size": [4.5, 2.5]},
								"east": {"uv": [120, 10], "uv_size": [4, 2.5]},
								"south": {"uv": [119, 49], "uv_size": [4.5, 2.5]},
								"west": {"uv": [23, 120], "uv_size": [4, 2.5]},
								"up": {"uv": [112, 20], "uv_size": [4.5, 4]},
								"down": {"uv": [23, 116], "uv_size": [4.5, -4]}
							}
						},
						{
							"origin": [8.2053, 0.03983, 2.73253],
							"size": [0, 1.5, 2.5],
							"pivot": [7.05866, 5.53983, 8.38398],
							"rotation": [0, -22.5, 0],
							"uv": {
								"north": {"uv": [0, 0], "uv_size": [0, 1.5]},
								"east": {"uv": [11, 124], "uv_size": [2.5, 1.5]},
								"south": {"uv": [0, 0], "uv_size": [0, 1.5]},
								"west": {"uv": [16, 124], "uv_size": [2.5, 1.5]},
								"up": {"uv": [0, 0], "uv_size": [0, 2.5]},
								"down": {"uv": [0, 2.5], "uv_size": [0, -2.5]}
							}
						},
						{
							"origin": [7.25, 0.03983, 2.79704],
							"size": [0, 1.5, 2.5],
							"uv": {
								"north": {"uv": [0, 0], "uv_size": [0, 1.5]},
								"east": {"uv": [124, 28], "uv_size": [2.5, 1.5]},
								"south": {"uv": [0, 0], "uv_size": [0, 1.5]},
								"west": {"uv": [34, 124], "uv_size": [2.5, 1.5]},
								"up": {"uv": [0, 0], "uv_size": [0, 2.5]},
								"down": {"uv": [0, 2.5], "uv_size": [0, -2.5]}
							}
						},
						{
							"origin": [4.69762, 0.03983, 3.50637],
							"size": [0, 1.5, 2.5],
							"pivot": [4.69762, 0.78983, 4.75637],
							"rotation": [0, 22.5, 0],
							"uv": {
								"north": {"uv": [0, 0], "uv_size": [0, 1.5]},
								"east": {"uv": [124, 35], "uv_size": [2.5, 1.5]},
								"south": {"uv": [0, 0], "uv_size": [0, 1.5]},
								"west": {"uv": [124, 37], "uv_size": [2.5, 1.5]},
								"up": {"uv": [0, 0], "uv_size": [0, 2.5]},
								"down": {"uv": [0, 2.5], "uv_size": [0, -2.5]}
							}
						}
					]
				},
				{
					"name": "frontlegs",
					"parent": "legs",
					"pivot": [9, 17.28983, -5.70296]
				},
				{
					"name": "frontright",
					"parent": "frontlegs",
					"pivot": [7.25, 17.2148, -5.8073],
					"rotation": [22.5, 0, 0],
					"cubes": [
						{
							"origin": [5, 12.61595, -9.08565],
							"size": [4.5, 9, 6.5],
							"uv": {
								"north": {"uv": [14, 96], "uv_size": [4.5, 9]},
								"east": {"uv": [86, 24], "uv_size": [6.5, 9]},
								"south": {"uv": [19, 96], "uv_size": [4.5, 9]},
								"west": {"uv": [86, 33], "uv_size": [6.5, 9]},
								"up": {"uv": [104, 92], "uv_size": [4.5, 6.5]},
								"down": {"uv": [104, 105.5], "uv_size": [4.5, -6.5]}
							}
						}
					]
				},
				{
					"name": "lowerfrontright",
					"parent": "frontright",
					"pivot": [6.75, 12.18178, -6.44846],
					"rotation": [-22.5, 0, 0],
					"cubes": [
						{
							"origin": [5.5, 7.98501, -8.42852],
							"size": [3.5, 5.5, 4],
							"uv": {
								"north": {"uv": [110, 36], "uv_size": [3.5, 5.5]},
								"east": {"uv": [89, 94], "uv_size": [4, 5.5]},
								"south": {"uv": [110, 81], "uv_size": [3.5, 5.5]},
								"west": {"uv": [70, 108], "uv_size": [4, 5.5]},
								"up": {"uv": [101, 115], "uv_size": [3.5, 4]},
								"down": {"uv": [105, 119], "uv_size": [3.5, -4]}
							}
						},
						{
							"origin": [5.75, 2.48501, -7.92852],
							"size": [3, 5.5, 3],
							"uv": {
								"north": {"uv": [31, 113], "uv_size": [3, 4.5]},
								"east": {"uv": [54, 116], "uv_size": [3, 4.5]},
								"south": {"uv": [57, 116], "uv_size": [3, 4.5]},
								"west": {"uv": [116, 57], "uv_size": [3, 4.5]},
								"up": {"uv": [66, 120], "uv_size": [3, 3]},
								"down": {"uv": [85, 123], "uv_size": [3, -3]}
							}
						}
					]
				},
				{
					"name": "frontrightfoot",
					"parent": "lowerfrontright",
					"pivot": [6.75, 2.97544, -6.64031],
					"cubes": [
						{
							"origin": [5, -0.01499, -8.67852],
							"size": [4.5, 2.5, 4],
							"uv": {
								"north": {"uv": [118, 111], "uv_size": [4.5, 2.5]},
								"east": {"uv": [119, 106], "uv_size": [4, 2.5]},
								"south": {"uv": [118, 114], "uv_size": [4.5, 2.5]},
								"west": {"uv": [0, 120], "uv_size": [4, 2.5]},
								"up": {"uv": [111, 60], "uv_size": [4.5, 4]},
								"down": {"uv": [103, 115], "uv_size": [4.5, -4]}
							}
						},
						{
							"origin": [2.48223, -0.015, -8.28768],
							"size": [1.5, 1.5, 2.5],
							"pivot": [5.07999, 3.735, -8.27231],
							"rotation": [0, 45, 0],
							"uv": {
								"north": {"uv": [27, 125], "uv_size": [1.5, 1.5]},
								"east": {"uv": [4, 122], "uv_size": [2.5, 1.5]},
								"south": {"uv": [29, 125], "uv_size": [1.5, 1.5]},
								"west": {"uv": [11, 122], "uv_size": [2.5, 1.5]},
								"up": {"uv": [7, 122], "uv_size": [1.5, 2.5]},
								"down": {"uv": [14, 124.5], "uv_size": [1.5, -2.5]}
							}
						},
						{
							"origin": [5, -0.01499, -9.92852],
							"size": [1.5, 1.5, 2.5],
							"pivot": [5.75, 2.73501, -8.42852],
							"rotation": [0, 22.5, 0],
							"uv": {
								"north": {"uv": [37, 125], "uv_size": [1.5, 1.5]},
								"east": {"uv": [16, 122], "uv_size": [2.5, 1.5]},
								"south": {"uv": [39, 125], "uv_size": [1.5, 1.5]},
								"west": {"uv": [122, 19], "uv_size": [2.5, 1.5]},
								"up": {"uv": [27, 122], "uv_size": [1.5, 2.5]},
								"down": {"uv": [29, 124.5], "uv_size": [1.5, -2.5]}
							}
						},
						{
							"origin": [8, -0.01499, -9.92852],
							"size": [1.5, 1.5, 2.5],
							"pivot": [8.75, 2.73501, -8.42852],
							"rotation": [0, -22.5, 0],
							"uv": {
								"north": {"uv": [41, 125], "uv_size": [1.5, 1.5]},
								"east": {"uv": [34, 122], "uv_size": [2.5, 1.5]},
								"south": {"uv": [125, 42], "uv_size": [1.5, 1.5]},
								"west": {"uv": [46, 122], "uv_size": [2.5, 1.5]},
								"up": {"uv": [91, 122], "uv_size": [1.5, 2.5]},
								"down": {"uv": [93, 124.5], "uv_size": [1.5, -2.5]}
							}
						},
						{
							"origin": [6.5, -0.01499, -10.42852],
							"size": [1.5, 1.5, 2.5],
							"uv": {
								"north": {"uv": [50, 125], "uv_size": [1.5, 1.5]},
								"east": {"uv": [122, 69], "uv_size": [2.5, 1.5]},
								"south": {"uv": [52, 125], "uv_size": [1.5, 1.5]},
								"west": {"uv": [95, 122], "uv_size": [2.5, 1.5]},
								"up": {"uv": [106, 122], "uv_size": [1.5, 2.5]},
								"down": {"uv": [108, 124.5], "uv_size": [1.5, -2.5]}
							}
						},
						{
							"origin": [8.2053, -0.01499, -12.99303],
							"size": [0, 1.5, 2.5],
							"pivot": [7.05866, 7.48501, -7.34158],
							"rotation": [0, -22.5, 0],
							"uv": {
								"north": {"uv": [0, 0], "uv_size": [0, 1.5]},
								"east": {"uv": [0, 123], "uv_size": [2.5, 1.5]},
								"south": {"uv": [0, 0], "uv_size": [0, 1.5]},
								"west": {"uv": [123, 21], "uv_size": [2.5, 1.5]},
								"up": {"uv": [0, 0], "uv_size": [0, 2.5]},
								"down": {"uv": [0, 2.5], "uv_size": [0, -2.5]}
							}
						},
						{
							"origin": [7.25, -0.01499, -12.92852],
							"size": [0, 1.5, 2.5],
							"uv": {
								"north": {"uv": [0, 0], "uv_size": [0, 1.5]},
								"east": {"uv": [23, 123], "uv_size": [2.5, 1.5]},
								"south": {"uv": [0, 0], "uv_size": [0, 1.5]},
								"west": {"uv": [37, 123], "uv_size": [2.5, 1.5]},
								"up": {"uv": [0, 0], "uv_size": [0, 2.5]},
								"down": {"uv": [0, 2.5], "uv_size": [0, -2.5]}
							}
						},
						{
							"origin": [4.69762, -0.01499, -12.21919],
							"size": [0, 1.5, 2.5],
							"pivot": [4.69762, 2.73501, -10.96919],
							"rotation": [0, 22.5, 0],
							"uv": {
								"north": {"uv": [0, 0], "uv_size": [0, 1.5]},
								"east": {"uv": [40, 123], "uv_size": [2.5, 1.5]},
								"south": {"uv": [0, 0], "uv_size": [0, 1.5]},
								"west": {"uv": [123, 62], "uv_size": [2.5, 1.5]},
								"up": {"uv": [0, 0], "uv_size": [0, 2.5]},
								"down": {"uv": [0, 2.5], "uv_size": [0, -2.5]}
							}
						},
						{
							"origin": [2.87868, -0.015, -9.1105],
							"size": [0, 1.5, 2.5],
							"pivot": [2.87868, 2.735, -7.8605],
							"rotation": [0, 45, 0],
							"uv": {
								"north": {"uv": [0, 0], "uv_size": [0, 1.5]},
								"east": {"uv": [63, 123], "uv_size": [2.5, 1.5]},
								"south": {"uv": [0, 0], "uv_size": [0, 1.5]},
								"west": {"uv": [123, 64], "uv_size": [2.5, 1.5]},
								"up": {"uv": [0, 0], "uv_size": [0, 2.5]},
								"down": {"uv": [0, 2.5], "uv_size": [0, -2.5]}
							}
						}
					]
				},
				{
					"name": "frontleftleg",
					"parent": "frontlegs",
					"pivot": [-7.25, 17.2148, -5.8073],
					"rotation": [22.5, 0, 0],
					"cubes": [
						{
							"origin": [-9.5, 12.61595, -9.08565],
							"size": [4.5, 9, 6.5],
							"uv": {
								"north": {"uv": [99, 40], "uv_size": [4.5, 9]},
								"east": {"uv": [86, 42], "uv_size": [6.5, 9]},
								"south": {"uv": [99, 57], "uv_size": [4.5, 9]},
								"west": {"uv": [86, 85], "uv_size": [6.5, 9]},
								"up": {"uv": [105, 0], "uv_size": [4.5, 6.5]},
								"down": {"uv": [11, 111.5], "uv_size": [4.5, -6.5]}
							}
						}
					]
				},
				{
					"name": "lowerfrontleftleg",
					"parent": "frontleftleg",
					"pivot": [-7.75, 12.18178, -6.44843],
					"rotation": [-22.5, 0, 0],
					"cubes": [
						{
							"origin": [-9, 7.985, -8.42852],
							"size": [3.5, 5.5, 4],
							"uv": {
								"north": {"uv": [110, 105], "uv_size": [3.5, 5.5]},
								"east": {"uv": [80, 108], "uv_size": [4, 5.5]},
								"south": {"uv": [50, 111], "uv_size": [3.5, 5.5]},
								"west": {"uv": [84, 108], "uv_size": [4, 5.5]},
								"up": {"uv": [109, 115], "uv_size": [3.5, 4]},
								"down": {"uv": [0, 120], "uv_size": [3.5, -4]}
							}
						},
						{
							"origin": [-8.75, 1.485, -7.92852],
							"size": [3, 6.5, 3],
							"uv": {
								"north": {"uv": [60, 116], "uv_size": [3, 4.5]},
								"east": {"uv": [11, 117], "uv_size": [3, 4.5]},
								"south": {"uv": [14, 117], "uv_size": [3, 4.5]},
								"west": {"uv": [17, 117], "uv_size": [3, 4.5]},
								"up": {"uv": [88, 120], "uv_size": [3, 3]},
								"down": {"uv": [54, 124], "uv_size": [3, -3]}
							}
						}
					]
				},
				{
					"name": "frontleftfoot",
					"parent": "lowerfrontleftleg",
					"pivot": [-7.75, 3.22544, -6.39031],
					"cubes": [
						{
							"origin": [-9.5, -0.015, -8.67852],
							"size": [4.5, 2.5, 4],
							"uv": {
								"north": {"uv": [4, 119], "uv_size": [4.5, 2.5]},
								"east": {"uv": [120, 0], "uv_size": [4, 2.5]},
								"south": {"uv": [119, 35], "uv_size": [4.5, 2.5]},
								"west": {"uv": [120, 3], "uv_size": [4, 2.5]},
								"up": {"uv": [108, 111], "uv_size": [4.5, 4]},
								"down": {"uv": [0, 116], "uv_size": [4.5, -4]}
							}
						},
						{
							"origin": [-6.5, -0.015, -9.92852],
							"size": [1.5, 1.5, 2.5],
							"pivot": [-5.75, 2.735, -8.42852],
							"rotation": [0, -22.5, 0],
							"uv": {
								"north": {"uv": [63, 125], "uv_size": [1.5, 1.5]},
								"east": {"uv": [66, 123], "uv_size": [2.5, 1.5]},
								"south": {"uv": [65, 125], "uv_size": [1.5, 1.5]},
								"west": {"uv": [123, 66], "uv_size": [2.5, 1.5]},
								"up": {"uv": [43, 123], "uv_size": [1.5, 2.5]},
								"down": {"uv": [79, 125.5], "uv_size": [1.5, -2.5]}
							}
						},
						{
							"origin": [-8.2053, -0.01499, -12.99303],
							"size": [0, 1.5, 2.5],
							"pivot": [-7.05866, 7.48501, -7.34158],
							"rotation": [0, 22.5, 0],
							"uv": {
								"north": {"uv": [0, 0], "uv_size": [0, 1.5]},
								"east": {"uv": [125.5, 21], "uv_size": [-2.5, 1.5]},
								"south": {"uv": [0, 0], "uv_size": [0, 1.5]},
								"west": {"uv": [2.5, 123], "uv_size": [-2.5, 1.5]},
								"up": {"uv": [0, 0], "uv_size": [0, 2.5]},
								"down": {"uv": [0, 2.5], "uv_size": [0, -2.5]}
							}
						},
						{
							"origin": [-7.25, -0.01499, -12.92852],
							"size": [0, 1.5, 2.5],
							"uv": {
								"north": {"uv": [0, 0], "uv_size": [0, 1.5]},
								"east": {"uv": [39.5, 123], "uv_size": [-2.5, 1.5]},
								"south": {"uv": [0, 0], "uv_size": [0, 1.5]},
								"west": {"uv": [25.5, 123], "uv_size": [-2.5, 1.5]},
								"up": {"uv": [0, 0], "uv_size": [0, 2.5]},
								"down": {"uv": [0, 2.5], "uv_size": [0, -2.5]}
							}
						},
						{
							"origin": [-4.69762, -0.01499, -12.21919],
							"size": [0, 1.5, 2.5],
							"pivot": [-4.69762, 2.73501, -10.96919],
							"rotation": [0, -22.5, 0],
							"uv": {
								"north": {"uv": [0, 0], "uv_size": [0, 1.5]},
								"east": {"uv": [125.5, 62], "uv_size": [-2.5, 1.5]},
								"south": {"uv": [0, 0], "uv_size": [0, 1.5]},
								"west": {"uv": [42.5, 123], "uv_size": [-2.5, 1.5]},
								"up": {"uv": [0, 0], "uv_size": [0, 2.5]},
								"down": {"uv": [0, 2.5], "uv_size": [0, -2.5]}
							}
						},
						{
							"origin": [-2.87868, -0.015, -9.1105],
							"size": [0, 1.5, 2.5],
							"pivot": [-2.87868, 2.735, -7.8605],
							"rotation": [0, -45, 0],
							"uv": {
								"north": {"uv": [0, 0], "uv_size": [0, 1.5]},
								"east": {"uv": [125.5, 64], "uv_size": [-2.5, 1.5]},
								"south": {"uv": [0, 0], "uv_size": [0, 1.5]},
								"west": {"uv": [65.5, 123], "uv_size": [-2.5, 1.5]},
								"up": {"uv": [0, 0], "uv_size": [0, 2.5]},
								"down": {"uv": [0, 2.5], "uv_size": [0, -2.5]}
							}
						},
						{
							"origin": [-9.5, -0.015, -9.92852],
							"size": [1.5, 1.5, 2.5],
							"pivot": [-8.75, 2.735, -8.42852],
							"rotation": [0, 22.5, 0],
							"uv": {
								"north": {"uv": [67, 125], "uv_size": [1.5, 1.5]},
								"east": {"uv": [123, 75], "uv_size": [2.5, 1.5]},
								"south": {"uv": [125, 69], "uv_size": [1.5, 1.5]},
								"west": {"uv": [85, 123], "uv_size": [2.5, 1.5]},
								"up": {"uv": [81, 123], "uv_size": [1.5, 2.5]},
								"down": {"uv": [123, 87.5], "uv_size": [1.5, -2.5]}
							}
						},
						{
							"origin": [-8, -0.015, -10.42852],
							"size": [1.5, 1.5, 2.5],
							"uv": {
								"north": {"uv": [70, 125], "uv_size": [1.5, 1.5]},
								"east": {"uv": [88, 123], "uv_size": [2.5, 1.5]},
								"south": {"uv": [125, 77], "uv_size": [1.5, 1.5]},
								"west": {"uv": [102, 123], "uv_size": [2.5, 1.5]},
								"up": {"uv": [98, 123], "uv_size": [1.5, 2.5]},
								"down": {"uv": [123, 108.5], "uv_size": [1.5, -2.5]}
							}
						},
						{
							"origin": [-3.98223, -0.015, -8.28768],
							"size": [1.5, 1.5, 2.5],
							"pivot": [-5.07999, 3.735, -8.27231],
							"rotation": [0, -45, 0],
							"uv": {
								"north": {"uv": [85, 125], "uv_size": [1.5, 1.5]},
								"east": {"uv": [123, 109], "uv_size": [2.5, 1.5]},
								"south": {"uv": [125, 85], "uv_size": [1.5, 1.5]},
								"west": {"uv": [110, 123], "uv_size": [2.5, 1.5]},
								"up": {"uv": [123, 111], "uv_size": [1.5, 2.5]},
								"down": {"uv": [113, 125.5], "uv_size": [1.5, -2.5]}
							}
						}
					]
				},
				{
					"name": "hitbox",
					"pivot": [0, 36.5, -12],
					"cubes": [
						{
							"origin": [-19, 0, -11],
							"size": [38, 27, 36],
							"uv": {}
						}
					]
				},
				{
					"name": "b_hitbox",
					"pivot": [0, 39.5, -13],
					"cubes": [
						{
							"origin": [-4, 32.31928, -17.95525],
							"size": [8, 8, 17],
							"uv": {}
						}
					]
				}
			]
		}
	]
}